barcode,productName,batchCode,expiryDate,quantity,price
P00001,Product_1,B00001,2027-06-15,99,85000
P00002,Product_2,B00002,2027-12-12,13,100000
P00003,Product_3,B00003,2027-12-23,79,55000
P00004,Product_4,B00004,2027-02-02,91,10000
P00005,Product_5,B00005,2026-05-29,45,10000
P00006,Product_6,B00006,2026-06-11,16,15000
P00007,Product_7,B00007,2026-09-03,19,85000
P00008,Product_8,B00008,2027-02-17,37,80000
P00009,Product_9,B00009,2026-06-24,40,65000
P00010,Product_10,B00010,2027-12-12,79,40000
P00011,Product_11,B00011,2027-04-16,47,50000
P00012,Product_12,B00012,2026-05-21,98,85000
P00013,Product_13,B00013,2027-09-15,80,55000
P00014,Product_14,B00014,2027-04-24,64,30000
P00015,Product_15,B00015,2027-03-29,57,40000
P00016,Product_16,B00016,2026-07-08,30,45000
P00017,Product_17,B00017,2027-09-19,63,30000
P00018,Product_18,B00018,2026-12-23,35,60000
P00019,Product_19,B00019,2026-07-30,89,100000
P00020,Product_20,B00020,2027-05-05,90,10000
P00021,Product_21,B00021,2027-08-14,48,50000
P00022,Product_22,B00022,2027-10-23,50,95000
P00023,Product_23,B00023,2026-10-15,36,40000
P00024,Product_24,B00024,2027-08-20,27,20000
P00025,Product_25,B00025,2026-01-15,29,20000
P00026,Product_26,B00026,2027-02-03,14,85000
P00027,Product_27,B00027,2027-12-02,5,70000
P00028,Product_28,B00028,2027-03-02,85,25000
P00029,Product_29,B00029,2026-05-04,36,70000
P00030,Product_30,B00030,2026-01-03,83,85000
P00031,Product_31,B00031,2026-06-06,54,45000
P00032,Product_32,B00032,2027-12-10,91,70000
P00033,Product_33,B00033,2027-09-12,40,60000
P00034,Product_34,B00034,2027-10-17,72,85000
P00035,Product_35,B00035,2026-02-15,96,35000
P00036,Product_36,B00036,2027-03-12,20,85000
P00037,Product_37,B00037,2027-02-09,78,75000
P00038,Product_38,B00038,2026-02-23,88,60000
P00039,Product_39,B00039,2027-06-02,84,80000
P00040,Product_40,B00040,2027-09-03,20,55000
P00041,Product_41,B00041,2027-03-31,49,75000
P00042,Product_42,B00042,2026-07-21,58,100000
P00043,Product_43,B00043,2026-12-08,62,55000
P00044,Product_44,B00044,2026-11-08,73,85000
P00045,Product_45,B00045,2027-10-14,38,85000
P00046,Product_46,B00046,2027-05-13,12,45000
P00047,Product_47,B00047,2026-08-30,60,25000
P00048,Product_48,B00048,2027-05-29,7,30000
P00049,Product_49,B00049,2026-12-12,77,75000
P00050,Product_50,B00050,2026-03-24,27,50000
P00051,Product_51,B00051,2026-03-14,22,70000
P00052,Product_52,B00052,2027-01-31,48,95000
P00053,Product_53,B00053,2026-09-08,87,85000
P00054,Product_54,B00054,2026-02-15,16,80000
P00055,Product_55,B00055,2026-07-02,78,100000
P00056,Product_56,B00056,2027-12-19,4,85000
P00057,Product_57,B00057,2026-09-30,20,35000
P00058,Product_58,B00058,2026-09-21,50,75000
P00059,Product_59,B00059,2027-01-10,5,70000
P00060,Product_60,B00060,2026-02-10,39,50000
P00061,Product_61,B00061,2027-04-28,13,80000
P00062,Product_62,B00062,2027-03-13,19,15000
P00063,Product_63,B00063,2027-03-26,46,40000
P00064,Product_64,B00064,2027-07-14,86,30000
P00065,Product_65,B00065,2026-03-01,20,45000
P00066,Product_66,B00066,2026-03-29,78,80000
P00067,Product_67,B00067,2026-09-09,4,65000
P00068,Product_68,B00068,2026-10-04,75,35000
P00069,Product_69,B00069,2026-10-16,1,55000
P00070,Product_70,B00070,2027-03-07,80,95000
P00071,Product_71,B00071,2027-06-08,99,30000
P00072,Product_72,B00072,2027-04-12,51,55000
P00073,Product_73,B00073,2026-06-05,60,30000
P00074,Product_74,B00074,2027-03-12,74,90000
P00075,Product_75,B00075,2026-03-01,100,100000
P00076,Product_76,B00076,2027-07-05,79,75000
P00077,Product_77,B00077,2026-12-01,17,40000
P00078,Product_78,B00078,2027-03-05,18,65000
P00079,Product_79,B00079,2027-06-22,2,75000
P00080,Product_80,B00080,2026-08-08,93,55000
P00081,Product_81,B00081,2027-08-03,43,25000
P00082,Product_82,B00082,2026-10-16,74,40000
P00083,Product_83,B00083,2026-12-10,39,35000
P00084,Product_84,B00084,2027-12-09,2,65000
P00085,Product_85,B00085,2027-05-17,72,25000
P00086,Product_86,B00086,2026-07-28,2,90000
P00087,Product_87,B00087,2026-01-16,68,10000
P00088,Product_88,B00088,2027-06-22,20,15000
P00089,Product_89,B00089,2026-05-12,63,95000
P00090,Product_90,B00090,2027-10-31,57,75000
P00091,Product_91,B00091,2026-08-29,20,55000
P00092,Product_92,B00092,2026-08-24,2,10000
P00093,Product_93,B00093,2026-05-28,90,75000
P00094,Product_94,B00094,2027-11-29,44,60000
P00095,Product_95,B00095,2026-03-09,32,65000
P00096,Product_96,B00096,2026-12-12,81,35000
P00097,Product_97,B00097,2027-03-02,13,35000
P00098,Product_98,B00098,2027-05-08,62,45000
P00099,Product_99,B00099,2026-06-24,2,25000
P00100,Product_100,B00100,2027-01-19,6,70000
P00101,Product_101,B00101,2027-06-26,88,35000
P00102,Product_102,B00102,2026-05-29,86,95000
P00103,Product_103,B00103,2027-04-15,79,90000
P00104,Product_104,B00104,2027-07-16,68,30000
P00105,Product_105,B00105,2026-12-24,91,85000
P00106,Product_106,B00106,2026-08-25,9,80000
P00107,Product_107,B00107,2026-11-28,39,100000
P00108,Product_108,B00108,2026-02-09,91,25000
P00109,Product_109,B00109,2026-09-29,76,20000
P00110,Product_110,B00110,2027-06-17,38,60000
P00111,Product_111,B00111,2027-01-19,10,30000
P00112,Product_112,B00112,2026-11-11,7,35000
P00113,Product_113,B00113,2026-07-16,51,65000
P00114,Product_114,B00114,2027-01-21,36,15000
P00115,Product_115,B00115,2027-02-21,75,40000
P00116,Product_116,B00116,2026-02-27,55,95000
P00117,Product_117,B00117,2027-07-17,89,60000
P00118,Product_118,B00118,2026-07-22,30,40000
P00119,Product_119,B00119,2027-04-30,67,40000
P00120,Product_120,B00120,2027-02-27,68,100000
P00121,Product_121,B00121,2027-09-20,39,45000
P00122,Product_122,B00122,2026-12-11,49,50000
P00123,Product_123,B00123,2026-05-17,57,100000
P00124,Product_124,B00124,2027-05-18,19,60000
P00125,Product_125,B00125,2027-06-28,88,25000
P00126,Product_126,B00126,2026-08-21,78,65000
P00127,Product_127,B00127,2027-07-27,15,25000
P00128,Product_128,B00128,2026-09-02,85,30000
P00129,Product_129,B00129,2027-02-26,24,95000
P00130,Product_130,B00130,2026-03-31,71,15000
P00131,Product_131,B00131,2026-05-22,61,75000
P00132,Product_132,B00132,2027-09-09,90,95000
P00133,Product_133,B00133,2026-06-07,39,20000
P00134,Product_134,B00134,2027-01-26,37,100000
P00135,Product_135,B00135,2026-12-23,43,45000
P00136,Product_136,B00136,2026-01-14,29,75000
P00137,Product_137,B00137,2026-03-15,99,65000
P00138,Product_138,B00138,2027-01-01,8,35000
P00139,Product_139,B00139,2027-05-18,71,20000
P00140,Product_140,B00140,2026-07-12,96,95000
P00141,Product_141,B00141,2026-09-28,19,15000
P00142,Product_142,B00142,2027-02-17,59,30000
P00143,Product_143,B00143,2027-06-21,32,55000
P00144,Product_144,B00144,2026-02-01,1,30000
P00145,Product_145,B00145,2026-11-28,40,35000
P00146,Product_146,B00146,2027-09-30,39,35000
P00147,Product_147,B00147,2026-10-12,43,80000
P00148,Product_148,B00148,2026-07-01,14,90000
P00149,Product_149,B00149,2027-02-09,17,60000
P00150,Product_150,B00150,2027-01-24,61,65000
P00151,Product_151,B00151,2027-05-04,13,75000
P00152,Product_152,B00152,2026-09-11,28,40000
P00153,Product_153,B00153,2026-08-26,86,60000
P00154,Product_154,B00154,2027-05-28,23,55000
P00155,Product_155,B00155,2027-02-18,84,35000
P00156,Product_156,B00156,2027-02-26,82,90000
P00157,Product_157,B00157,2026-11-05,37,20000
P00158,Product_158,B00158,2026-11-10,57,40000
P00159,Product_159,B00159,2027-02-12,87,65000
P00160,Product_160,B00160,2027-09-09,12,30000
P00161,Product_161,B00161,2026-10-07,97,55000
P00162,Product_162,B00162,2026-05-16,22,70000
P00163,Product_163,B00163,2027-05-12,17,55000
P00164,Product_164,B00164,2026-09-21,28,55000
P00165,Product_165,B00165,2026-11-30,28,15000
P00166,Product_166,B00166,2026-10-03,78,70000
P00167,Product_167,B00167,2026-08-28,58,30000
P00168,Product_168,B00168,2027-11-12,58,15000
P00169,Product_169,B00169,2027-08-26,51,30000
P00170,Product_170,B00170,2026-01-25,23,100000
P00171,Product_171,B00171,2026-10-03,91,90000
P00172,Product_172,B00172,2027-08-14,43,70000
P00173,Product_173,B00173,2027-10-29,92,20000
P00174,Product_174,B00174,2026-08-30,68,95000
P00175,Product_175,B00175,2027-11-28,1,60000
P00176,Product_176,B00176,2026-01-05,55,90000
P00177,Product_177,B00177,2026-01-09,94,40000
P00178,Product_178,B00178,2026-08-24,43,85000
P00179,Product_179,B00179,2027-04-11,14,85000
P00180,Product_180,B00180,2026-03-24,53,10000
P00181,Product_181,B00181,2027-08-22,68,50000
P00182,Product_182,B00182,2026-12-18,36,75000
P00183,Product_183,B00183,2026-04-04,24,15000
P00184,Product_184,B00184,2026-09-30,98,35000
P00185,Product_185,B00185,2027-09-07,60,35000
P00186,Product_186,B00186,2026-08-01,68,95000
P00187,Product_187,B00187,2026-01-28,96,25000
P00188,Product_188,B00188,2026-03-29,91,75000
P00189,Product_189,B00189,2026-08-21,81,95000
P00190,Product_190,B00190,2027-01-11,88,100000
P00191,Product_191,B00191,2026-01-29,51,15000
P00192,Product_192,B00192,2027-04-22,23,90000
P00193,Product_193,B00193,2026-10-04,57,95000
P00194,Product_194,B00194,2027-10-18,46,95000
P00195,Product_195,B00195,2026-08-09,92,70000
P00196,Product_196,B00196,2027-03-07,39,50000
P00197,Product_197,B00197,2026-08-15,47,85000
P00198,Product_198,B00198,2027-11-13,26,30000
P00199,Product_199,B00199,2026-05-23,61,80000
P00200,Product_200,B00200,2027-01-11,53,90000
P00201,Product_201,B00201,2027-11-29,21,35000
P00202,Product_202,B00202,2026-10-25,27,25000
P00203,Product_203,B00203,2027-02-06,27,25000
P00204,Product_204,B00204,2027-05-06,47,10000
P00205,Product_205,B00205,2026-02-16,50,85000
P00206,Product_206,B00206,2027-05-13,94,15000
P00207,Product_207,B00207,2027-05-05,41,30000
P00208,Product_208,B00208,2026-08-02,76,80000
P00209,Product_209,B00209,2027-03-16,34,100000
P00210,Product_210,B00210,2027-08-14,40,35000
P00211,Product_211,B00211,2027-07-09,75,90000
P00212,Product_212,B00212,2026-02-11,28,35000
P00213,Product_213,B00213,2027-05-25,69,15000
P00214,Product_214,B00214,2026-09-16,41,90000
P00215,Product_215,B00215,2026-02-10,24,25000
P00216,Product_216,B00216,2026-08-27,56,45000
P00217,Product_217,B00217,2026-01-29,18,80000
P00218,Product_218,B00218,2027-01-26,62,15000
P00219,Product_219,B00219,2026-03-24,69,95000
P00220,Product_220,B00220,2026-07-30,57,45000
P00221,Product_221,B00221,2027-09-18,91,15000
P00222,Product_222,B00222,2026-04-30,90,75000
P00223,Product_223,B00223,2026-10-21,27,90000
P00224,Product_224,B00224,2027-05-06,88,60000
P00225,Product_225,B00225,2026-07-06,60,90000
P00226,Product_226,B00226,2027-10-15,87,45000
P00227,Product_227,B00227,2027-05-10,7,20000
P00228,Product_228,B00228,2026-03-21,12,20000
P00229,Product_229,B00229,2027-01-09,54,60000
P00230,Product_230,B00230,2026-03-30,30,15000
P00231,Product_231,B00231,2027-04-21,31,80000
P00232,Product_232,B00232,2027-03-26,25,90000
P00233,Product_233,B00233,2026-03-26,32,25000
P00234,Product_234,B00234,2027-12-17,62,45000
P00235,Product_235,B00235,2027-04-21,87,75000
P00236,Product_236,B00236,2027-04-21,90,20000
P00237,Product_237,B00237,2027-06-04,2,75000
P00238,Product_238,B00238,2027-05-10,65,90000
P00239,Product_239,B00239,2026-11-14,96,60000
P00240,Product_240,B00240,2026-06-04,78,65000
P00241,Product_241,B00241,2027-08-07,6,35000
P00242,Product_242,B00242,2027-04-24,6,75000
P00243,Product_243,B00243,2026-07-18,28,40000
P00244,Product_244,B00244,2027-04-19,67,45000
P00245,Product_245,B00245,2027-07-10,83,50000
P00246,Product_246,B00246,2026-01-21,86,85000
P00247,Product_247,B00247,2027-06-07,96,65000
P00248,Product_248,B00248,2027-01-20,80,55000
P00249,Product_249,B00249,2026-04-17,4,40000
P00250,Product_250,B00250,2026-11-15,27,100000
P00251,Product_251,B00251,2027-04-08,55,25000
P00252,Product_252,B00252,2026-09-05,36,40000
P00253,Product_253,B00253,2026-01-06,10,95000
P00254,Product_254,B00254,2027-10-24,43,20000
P00255,Product_255,B00255,2027-07-24,1,25000
P00256,Product_256,B00256,2027-04-01,11,60000
P00257,Product_257,B00257,2026-10-17,18,95000
P00258,Product_258,B00258,2027-06-18,29,75000
P00259,Product_259,B00259,2027-09-15,33,45000
P00260,Product_260,B00260,2027-06-03,61,30000
P00261,Product_261,B00261,2027-12-14,1,50000
P00262,Product_262,B00262,2027-07-06,75,35000
P00263,Product_263,B00263,2027-02-04,44,30000
P00264,Product_264,B00264,2026-05-29,81,15000
P00265,Product_265,B00265,2026-05-11,57,90000
P00266,Product_266,B00266,2027-05-10,40,100000
P00267,Product_267,B00267,2026-08-20,17,10000
P00268,Product_268,B00268,2026-08-09,31,35000
P00269,Product_269,B00269,2027-06-12,36,70000
P00270,Product_270,B00270,2026-07-16,93,80000
P00271,Product_271,B00271,2027-10-17,21,55000
P00272,Product_272,B00272,2026-05-26,95,45000
P00273,Product_273,B00273,2027-01-31,52,35000
P00274,Product_274,B00274,2026-03-24,3,50000
P00275,Product_275,B00275,2026-03-13,88,35000
P00276,Product_276,B00276,2026-03-10,10,100000
P00277,Product_277,B00277,2027-02-26,48,25000
P00278,Product_278,B00278,2027-10-18,3,85000
P00279,Product_279,B00279,2027-03-03,63,70000
P00280,Product_280,B00280,2026-10-30,74,100000
P00281,Product_281,B00281,2026-01-01,98,50000
P00282,Product_282,B00282,2027-06-12,55,65000
P00283,Product_283,B00283,2026-07-26,43,80000
P00284,Product_284,B00284,2026-12-22,22,60000
P00285,Product_285,B00285,2026-05-02,56,95000
P00286,Product_286,B00286,2027-01-03,46,60000
P00287,Product_287,B00287,2027-09-09,10,50000
P00288,Product_288,B00288,2027-03-14,47,25000
P00289,Product_289,B00289,2026-12-26,92,20000
P00290,Product_290,B00290,2026-01-23,52,35000
P00291,Product_291,B00291,2027-02-01,72,75000
P00292,Product_292,B00292,2027-12-27,33,60000
P00293,Product_293,B00293,2026-01-07,52,25000
P00294,Product_294,B00294,2026-11-07,61,25000
P00295,Product_295,B00295,2027-10-23,69,45000
P00296,Product_296,B00296,2026-05-25,78,85000
P00297,Product_297,B00297,2026-10-20,18,65000
P00298,Product_298,B00298,2027-01-19,5,85000
P00299,Product_299,B00299,2027-02-14,62,30000
P00300,Product_300,B00300,2027-02-14,24,30000
P00301,Product_301,B00301,2026-06-18,13,20000
P00302,Product_302,B00302,2027-05-01,74,45000
P00303,Product_303,B00303,2027-04-08,78,35000
P00304,Product_304,B00304,2026-09-12,83,95000
P00305,Product_305,B00305,2026-02-11,55,50000
P00306,Product_306,B00306,2026-08-20,88,75000
P00307,Product_307,B00307,2026-07-17,56,85000
P00308,Product_308,B00308,2026-05-22,23,85000
P00309,Product_309,B00309,2027-11-29,22,40000
P00310,Product_310,B00310,2027-02-17,65,60000
P00311,Product_311,B00311,2027-06-24,82,65000
P00312,Product_312,B00312,2026-08-08,70,55000
P00313,Product_313,B00313,2026-11-22,82,45000
P00314,Product_314,B00314,2027-12-13,100,20000
P00315,Product_315,B00315,2027-07-15,15,20000
P00316,Product_316,B00316,2026-01-23,77,50000
P00317,Product_317,B00317,2027-03-31,17,55000
P00318,Product_318,B00318,2026-02-06,43,30000
P00319,Product_319,B00319,2027-02-26,25,40000
P00320,Product_320,B00320,2026-10-18,30,45000
P00321,Product_321,B00321,2027-06-04,38,35000
P00322,Product_322,B00322,2027-01-23,96,60000
P00323,Product_323,B00323,2027-09-22,81,15000
P00324,Product_324,B00324,2027-07-06,39,55000
P00325,Product_325,B00325,2027-06-17,38,45000
P00326,Product_326,B00326,2027-08-05,88,15000
P00327,Product_327,B00327,2027-03-02,18,25000
P00328,Product_328,B00328,2027-04-27,32,10000
P00329,Product_329,B00329,2027-12-28,82,80000
P00330,Product_330,B00330,2027-11-16,3,40000
P00331,Product_331,B00331,2027-01-06,93,90000
P00332,Product_332,B00332,2027-09-22,17,60000
P00333,Product_333,B00333,2026-06-19,52,10000
P00334,Product_334,B00334,2027-02-15,79,85000
P00335,Product_335,B00335,2027-05-20,4,40000
P00336,Product_336,B00336,2027-02-26,32,20000
P00337,Product_337,B00337,2027-08-20,59,90000
P00338,Product_338,B00338,2026-03-13,2,100000
P00339,Product_339,B00339,2026-09-21,78,85000
P00340,Product_340,B00340,2026-10-12,44,95000
P00341,Product_341,B00341,2026-03-11,16,30000
P00342,Product_342,B00342,2027-06-06,97,35000
P00343,Product_343,B00343,2027-08-09,98,60000
P00344,Product_344,B00344,2026-03-22,41,55000
P00345,Product_345,B00345,2027-03-15,69,90000
P00346,Product_346,B00346,2026-01-02,37,45000
P00347,Product_347,B00347,2026-12-06,18,25000
P00348,Product_348,B00348,2026-11-12,93,40000
P00349,Product_349,B00349,2026-02-24,31,50000
P00350,Product_350,B00350,2026-05-16,73,75000
P00351,Product_351,B00351,2026-07-11,47,25000
P00352,Product_352,B00352,2026-03-15,90,40000
P00353,Product_353,B00353,2026-08-26,58,55000
P00354,Product_354,B00354,2026-03-31,49,55000
P00355,Product_355,B00355,2026-11-20,38,70000
P00356,Product_356,B00356,2027-04-29,9,45000
P00357,Product_357,B00357,2026-10-08,44,10000
P00358,Product_358,B00358,2026-01-17,34,85000
P00359,Product_359,B00359,2027-10-12,66,60000
P00360,Product_360,B00360,2026-05-02,43,80000
P00361,Product_361,B00361,2026-12-17,5,60000
P00362,Product_362,B00362,2026-06-08,33,40000
P00363,Product_363,B00363,2027-07-27,14,20000
P00364,Product_364,B00364,2027-07-30,35,90000
P00365,Product_365,B00365,2026-12-25,6,90000
P00366,Product_366,B00366,2026-10-17,29,45000
P00367,Product_367,B00367,2026-04-27,92,25000
P00368,Product_368,B00368,2027-04-22,51,15000
P00369,Product_369,B00369,2027-01-19,100,70000
P00370,Product_370,B00370,2026-07-14,60,45000
P00371,Product_371,B00371,2027-11-03,56,55000
P00372,Product_372,B00372,2026-11-19,81,100000
P00373,Product_373,B00373,2027-03-29,55,15000
P00374,Product_374,B00374,2027-06-20,73,95000
P00375,Product_375,B00375,2027-01-23,51,20000
P00376,Product_376,B00376,2027-08-30,55,35000
P00377,Product_377,B00377,2026-03-26,97,15000
P00378,Product_378,B00378,2026-07-30,35,20000
P00379,Product_379,B00379,2027-05-18,85,15000
P00380,Product_380,B00380,2027-05-09,34,55000
P00381,Product_381,B00381,2026-07-28,41,95000
P00382,Product_382,B00382,2026-09-27,75,95000
P00383,Product_383,B00383,2026-10-09,96,50000
P00384,Product_384,B00384,2027-12-17,93,95000
P00385,Product_385,B00385,2026-10-19,66,50000
P00386,Product_386,B00386,2027-07-01,71,100000
P00387,Product_387,B00387,2026-09-13,18,85000
P00388,Product_388,B00388,2027-11-29,24,65000
P00389,Product_389,B00389,2027-08-06,55,95000
P00390,Product_390,B00390,2026-12-17,74,55000
P00391,Product_391,B00391,2026-05-27,35,100000
P00392,Product_392,B00392,2026-04-10,45,45000
P00393,Product_393,B00393,2027-10-17,45,50000
P00394,Product_394,B00394,2026-11-01,13,10000
P00395,Product_395,B00395,2026-12-26,88,45000
P00396,Product_396,B00396,2027-04-16,20,95000
P00397,Product_397,B00397,2026-03-17,53,35000
P00398,Product_398,B00398,2027-03-02,82,15000
P00399,Product_399,B00399,2027-02-14,19,100000
P00400,Product_400,B00400,2026-03-24,69,65000
P00401,Product_401,B00401,2026-01-18,58,35000
P00402,Product_402,B00402,2027-12-14,54,35000
P00403,Product_403,B00403,2026-06-15,31,60000
P00404,Product_404,B00404,2026-12-05,13,55000
P00405,Product_405,B00405,2027-10-26,27,90000
P00406,Product_406,B00406,2026-06-25,56,95000
P00407,Product_407,B00407,2027-08-02,62,90000
P00408,Product_408,B00408,2027-11-01,57,30000
P00409,Product_409,B00409,2027-01-04,85,70000
P00410,Product_410,B00410,2027-01-29,67,100000
P00411,Product_411,B00411,2026-08-25,7,40000
P00412,Product_412,B00412,2026-05-10,70,75000
P00413,Product_413,B00413,2027-04-28,37,30000
P00414,Product_414,B00414,2026-02-02,59,35000
P00415,Product_415,B00415,2026-05-05,25,35000
P00416,Product_416,B00416,2027-01-11,100,90000
P00417,Product_417,B00417,2026-01-05,28,45000
P00418,Product_418,B00418,2027-04-22,12,90000
P00419,Product_419,B00419,2026-07-28,71,85000
P00420,Product_420,B00420,2027-12-29,66,65000
P00421,Product_421,B00421,2027-03-29,6,100000
P00422,Product_422,B00422,2026-11-08,23,10000
P00423,Product_423,B00423,2027-07-12,1,60000
P00424,Product_424,B00424,2026-09-17,84,30000
P00425,Product_425,B00425,2026-09-25,20,40000
P00426,Product_426,B00426,2027-11-21,25,85000
P00427,Product_427,B00427,2026-08-03,29,95000
P00428,Product_428,B00428,2027-11-02,75,100000
P00429,Product_429,B00429,2027-11-07,75,70000
P00430,Product_430,B00430,2026-06-07,78,15000
P00431,Product_431,B00431,2027-12-23,71,85000
P00432,Product_432,B00432,2027-02-19,2,10000
P00433,Product_433,B00433,2026-03-05,12,60000
P00434,Product_434,B00434,2027-10-16,66,45000
P00435,Product_435,B00435,2026-03-13,33,20000
P00436,Product_436,B00436,2026-01-08,8,80000
P00437,Product_437,B00437,2027-01-29,35,85000
P00438,Product_438,B00438,2027-03-18,61,60000
P00439,Product_439,B00439,2027-09-23,81,55000
P00440,Product_440,B00440,2026-07-20,33,65000
P00441,Product_441,B00441,2027-01-13,39,15000
P00442,Product_442,B00442,2027-04-23,98,100000
P00443,Product_443,B00443,2026-06-27,73,65000
P00444,Product_444,B00444,2026-08-12,11,20000
P00445,Product_445,B00445,2027-04-27,21,45000
P00446,Product_446,B00446,2027-05-06,73,35000
P00447,Product_447,B00447,2027-09-15,4,65000
P00448,Product_448,B00448,2026-04-29,71,85000
P00449,Product_449,B00449,2026-09-29,77,10000
P00450,Product_450,B00450,2026-04-14,25,75000
P00451,Product_451,B00451,2026-02-11,81,80000
P00452,Product_452,B00452,2027-10-01,52,100000
P00453,Product_453,B00453,2027-04-11,72,65000
P00454,Product_454,B00454,2026-08-30,79,80000
P00455,Product_455,B00455,2027-11-10,29,85000
P00456,Product_456,B00456,2026-04-04,41,55000
P00457,Product_457,B00457,2027-04-25,95,35000
P00458,Product_458,B00458,2026-02-12,93,30000
P00459,Product_459,B00459,2027-04-01,54,35000
P00460,Product_460,B00460,2026-09-25,81,45000
P00461,Product_461,B00461,2026-02-09,13,25000
P00462,Product_462,B00462,2026-11-14,76,35000
P00463,Product_463,B00463,2027-09-05,96,40000
P00464,Product_464,B00464,2026-04-22,57,50000
P00465,Product_465,B00465,2026-01-24,35,90000
P00466,Product_466,B00466,2027-11-17,58,95000
P00467,Product_467,B00467,2026-12-03,22,15000
P00468,Product_468,B00468,2026-07-08,53,55000
P00469,Product_469,B00469,2027-01-23,57,10000
P00470,Product_470,B00470,2027-10-25,71,100000
P00471,Product_471,B00471,2026-09-24,78,65000
P00472,Product_472,B00472,2026-11-19,18,40000
P00473,Product_473,B00473,2026-05-16,94,95000
P00474,Product_474,B00474,2027-07-04,38,40000
P00475,Product_475,B00475,2027-09-03,96,20000
P00476,Product_476,B00476,2027-01-03,16,80000
P00477,Product_477,B00477,2026-12-26,58,60000
P00478,Product_478,B00478,2027-02-20,14,90000
P00479,Product_479,B00479,2027-10-09,11,15000
P00480,Product_480,B00480,2026-12-26,26,85000
P00481,Product_481,B00481,2027-07-21,6,10000
P00482,Product_482,B00482,2026-01-26,17,80000
P00483,Product_483,B00483,2026-02-18,87,75000
P00484,Product_484,B00484,2027-05-22,54,70000
P00485,Product_485,B00485,2026-01-03,61,60000
P00486,Product_486,B00486,2027-01-26,86,70000
P00487,Product_487,B00487,2026-09-30,70,25000
P00488,Product_488,B00488,2027-08-01,94,75000
P00489,Product_489,B00489,2026-11-12,45,45000
P00490,Product_490,B00490,2026-10-05,30,25000
P00491,Product_491,B00491,2027-05-25,44,100000
P00492,Product_492,B00492,2027-04-23,11,45000
P00493,Product_493,B00493,2026-11-06,24,85000
P00494,Product_494,B00494,2026-08-17,69,90000
P00495,Product_495,B00495,2027-02-01,44,45000
P00496,Product_496,B00496,2026-11-25,93,15000
P00497,Product_497,B00497,2027-09-01,40,70000
P00498,Product_498,B00498,2027-12-17,53,60000
P00499,Product_499,B00499,2027-12-08,18,25000
P00500,Product_500,B00500,2026-06-14,36,35000
P00501,Product_501,B00501,2027-09-21,13,40000
P00502,Product_502,B00502,2026-02-28,94,85000
P00503,Product_503,B00503,2027-06-26,12,90000
P00504,Product_504,B00504,2027-05-24,49,15000
P00505,Product_505,B00505,2027-07-19,15,45000
P00506,Product_506,B00506,2027-06-03,34,60000
P00507,Product_507,B00507,2027-05-31,48,10000
P00508,Product_508,B00508,2027-04-08,12,10000
P00509,Product_509,B00509,2026-04-02,80,75000
P00510,Product_510,B00510,2027-02-22,96,55000
P00511,Product_511,B00511,2027-04-02,41,55000
P00512,Product_512,B00512,2027-02-08,66,25000
P00513,Product_513,B00513,2026-12-28,54,55000
P00514,Product_514,B00514,2026-04-08,55,35000
P00515,Product_515,B00515,2027-10-11,42,40000
P00516,Product_516,B00516,2027-05-21,44,80000
P00517,Product_517,B00517,2027-04-03,72,95000
P00518,Product_518,B00518,2027-10-03,23,60000
P00519,Product_519,B00519,2026-01-06,45,70000
P00520,Product_520,B00520,2027-08-10,98,85000
P00521,Product_521,B00521,2026-09-27,19,100000
P00522,Product_522,B00522,2026-05-31,46,30000
P00523,Product_523,B00523,2026-09-01,72,25000
P00524,Product_524,B00524,2027-03-13,43,100000
P00525,Product_525,B00525,2026-10-25,77,15000
P00526,Product_526,B00526,2027-07-05,46,45000
P00527,Product_527,B00527,2026-05-28,10,80000
P00528,Product_528,B00528,2027-02-18,81,30000
P00529,Product_529,B00529,2027-05-13,97,60000
P00530,Product_530,B00530,2026-11-10,72,35000
P00531,Product_531,B00531,2026-04-16,13,55000
P00532,Product_532,B00532,2026-10-30,70,100000
P00533,Product_533,B00533,2027-05-20,7,90000
P00534,Product_534,B00534,2026-04-01,34,20000
P00535,Product_535,B00535,2027-08-18,82,55000
P00536,Product_536,B00536,2027-01-04,20,35000
P00537,Product_537,B00537,2027-03-16,7,80000
P00538,Product_538,B00538,2026-10-22,2,90000
P00539,Product_539,B00539,2027-10-13,80,10000
P00540,Product_540,B00540,2027-01-28,74,75000
P00541,Product_541,B00541,2026-01-13,48,55000
P00542,Product_542,B00542,2026-10-20,57,25000
P00543,Product_543,B00543,2027-07-28,99,35000
P00544,Product_544,B00544,2027-06-15,1,35000
P00545,Product_545,B00545,2026-01-04,84,45000
P00546,Product_546,B00546,2027-07-22,35,95000
P00547,Product_547,B00547,2027-03-18,65,95000
P00548,Product_548,B00548,2026-08-21,52,45000
P00549,Product_549,B00549,2026-10-03,16,35000
P00550,Product_550,B00550,2026-04-09,43,95000
P00551,Product_551,B00551,2026-03-27,86,20000
P00552,Product_552,B00552,2027-01-18,48,40000
P00553,Product_553,B00553,2027-07-01,65,35000
P00554,Product_554,B00554,2026-05-04,54,10000
P00555,Product_555,B00555,2026-11-28,62,90000
P00556,Product_556,B00556,2027-10-06,70,75000
P00557,Product_557,B00557,2026-09-12,34,55000
P00558,Product_558,B00558,2027-10-09,16,95000
P00559,Product_559,B00559,2026-04-11,77,75000
P00560,Product_560,B00560,2027-07-14,64,80000
P00561,Product_561,B00561,2027-12-05,89,70000
P00562,Product_562,B00562,2027-02-15,23,30000
P00563,Product_563,B00563,2027-12-27,8,60000
P00564,Product_564,B00564,2026-01-21,43,45000
P00565,Product_565,B00565,2026-08-10,13,15000
P00566,Product_566,B00566,2026-02-07,45,15000
P00567,Product_567,B00567,2027-04-30,94,45000
P00568,Product_568,B00568,2026-12-04,33,90000
P00569,Product_569,B00569,2027-12-16,38,55000
P00570,Product_570,B00570,2026-01-31,44,60000
P00571,Product_571,B00571,2026-06-06,35,45000
P00572,Product_572,B00572,2027-10-02,32,85000
P00573,Product_573,B00573,2027-04-10,63,35000
P00574,Product_574,B00574,2027-07-30,54,35000
P00575,Product_575,B00575,2026-01-08,43,35000
P00576,Product_576,B00576,2026-02-28,26,10000
P00577,Product_577,B00577,2027-05-18,23,55000
P00578,Product_578,B00578,2026-05-02,86,25000
P00579,Product_579,B00579,2026-07-20,17,90000
P00580,Product_580,B00580,2027-04-18,25,70000
P00581,Product_581,B00581,2026-06-03,63,65000
P00582,Product_582,B00582,2027-10-03,89,35000
P00583,Product_583,B00583,2027-05-15,95,60000
P00584,Product_584,B00584,2026-02-13,32,80000
P00585,Product_585,B00585,2027-06-26,60,15000
P00586,Product_586,B00586,2027-05-17,12,20000
P00587,Product_587,B00587,2027-11-21,58,100000
P00588,Product_588,B00588,2026-03-13,24,75000
P00589,Product_589,B00589,2027-11-15,83,20000
P00590,Product_590,B00590,2027-01-06,33,55000
P00591,Product_591,B00591,2026-03-18,43,85000
P00592,Product_592,B00592,2027-03-13,22,65000
P00593,Product_593,B00593,2027-11-12,51,25000
P00594,Product_594,B00594,2027-11-05,69,15000
P00595,Product_595,B00595,2027-11-20,3,40000
P00596,Product_596,B00596,2026-01-09,72,85000
P00597,Product_597,B00597,2027-09-17,80,50000
P00598,Product_598,B00598,2026-07-20,93,75000
P00599,Product_599,B00599,2027-07-01,18,20000
P00600,Product_600,B00600,2027-06-29,17,45000
P00601,Product_601,B00601,2026-07-03,91,20000
P00602,Product_602,B00602,2027-08-07,83,35000
P00603,Product_603,B00603,2026-04-17,22,35000
P00604,Product_604,B00604,2026-05-03,7,20000
P00605,Product_605,B00605,2026-02-27,4,25000
P00606,Product_606,B00606,2026-11-19,63,50000
P00607,Product_607,B00607,2026-11-04,27,60000
P00608,Product_608,B00608,2026-03-08,61,55000
P00609,Product_609,B00609,2026-12-11,74,10000
P00610,Product_610,B00610,2027-11-08,90,55000
P00611,Product_611,B00611,2027-02-13,25,90000
P00612,Product_612,B00612,2026-12-14,48,70000
P00613,Product_613,B00613,2026-08-17,61,55000
P00614,Product_614,B00614,2027-02-16,42,30000
P00615,Product_615,B00615,2026-03-26,80,60000
P00616,Product_616,B00616,2027-05-26,20,90000
P00617,Product_617,B00617,2027-02-04,12,35000
P00618,Product_618,B00618,2027-08-24,46,25000
P00619,Product_619,B00619,2027-06-29,45,70000
P00620,Product_620,B00620,2027-06-19,69,55000
P00621,Product_621,B00621,2027-01-06,30,40000
P00622,Product_622,B00622,2026-10-28,86,85000
P00623,Product_623,B00623,2027-08-23,75,100000
P00624,Product_624,B00624,2026-05-29,20,55000
P00625,Product_625,B00625,2027-03-01,95,15000
P00626,Product_626,B00626,2027-11-09,4,65000
P00627,Product_627,B00627,2027-05-04,50,75000
P00628,Product_628,B00628,2027-05-12,40,85000
P00629,Product_629,B00629,2026-07-09,7,80000
P00630,Product_630,B00630,2026-08-29,66,30000
P00631,Product_631,B00631,2027-05-02,90,100000
P00632,Product_632,B00632,2027-04-09,66,85000
P00633,Product_633,B00633,2027-10-12,48,30000
P00634,Product_634,B00634,2027-06-05,43,100000
P00635,Product_635,B00635,2027-09-29,36,75000
P00636,Product_636,B00636,2027-07-25,94,45000
P00637,Product_637,B00637,2027-05-27,60,15000
P00638,Product_638,B00638,2027-04-26,15,90000
P00639,Product_639,B00639,2026-08-09,40,35000
P00640,Product_640,B00640,2027-06-05,52,75000
P00641,Product_641,B00641,2026-08-17,55,55000
P00642,Product_642,B00642,2026-10-11,40,40000
P00643,Product_643,B00643,2026-04-28,97,100000
P00644,Product_644,B00644,2026-12-11,9,15000
P00645,Product_645,B00645,2026-07-11,60,10000
P00646,Product_646,B00646,2027-02-28,27,10000
P00647,Product_647,B00647,2027-06-15,32,95000
P00648,Product_648,B00648,2026-05-11,49,55000
P00649,Product_649,B00649,2026-12-17,45,55000
P00650,Product_650,B00650,2027-02-01,18,60000
P00651,Product_651,B00651,2027-12-13,14,45000
P00652,Product_652,B00652,2027-01-24,72,95000
P00653,Product_653,B00653,2027-01-18,70,65000
P00654,Product_654,B00654,2026-10-05,31,65000
P00655,Product_655,B00655,2027-06-12,40,85000
P00656,Product_656,B00656,2027-04-09,100,75000
P00657,Product_657,B00657,2026-06-29,34,20000
P00658,Product_658,B00658,2027-05-22,81,55000
P00659,Product_659,B00659,2027-09-08,85,95000
P00660,Product_660,B00660,2027-08-19,31,20000
P00661,Product_661,B00661,2026-11-24,72,20000
P00662,Product_662,B00662,2026-08-20,96,90000
P00663,Product_663,B00663,2027-09-09,14,70000
P00664,Product_664,B00664,2027-11-19,63,65000
P00665,Product_665,B00665,2026-03-28,22,80000
P00666,Product_666,B00666,2026-01-04,41,75000
P00667,Product_667,B00667,2026-09-02,62,30000
P00668,Product_668,B00668,2027-10-07,76,70000
P00669,Product_669,B00669,2026-02-04,34,100000
P00670,Product_670,B00670,2026-08-17,41,20000
P00671,Product_671,B00671,2026-10-04,75,30000
P00672,Product_672,B00672,2027-10-30,34,100000
P00673,Product_673,B00673,2026-02-24,40,10000
P00674,Product_674,B00674,2027-06-19,97,35000
P00675,Product_675,B00675,2027-06-03,98,50000
P00676,Product_676,B00676,2027-01-29,63,70000
P00677,Product_677,B00677,2026-09-19,52,85000
P00678,Product_678,B00678,2026-05-26,85,40000
P00679,Product_679,B00679,2026-12-26,80,80000
P00680,Product_680,B00680,2026-10-27,79,15000
P00681,Product_681,B00681,2026-12-14,40,80000
P00682,Product_682,B00682,2027-11-07,28,55000
P00683,Product_683,B00683,2026-02-10,87,60000
P00684,Product_684,B00684,2026-09-04,76,100000
P00685,Product_685,B00685,2026-10-22,90,30000
P00686,Product_686,B00686,2026-08-11,16,90000
P00687,Product_687,B00687,2027-08-22,30,10000
P00688,Product_688,B00688,2026-05-24,67,20000
P00689,Product_689,B00689,2026-09-12,52,45000
P00690,Product_690,B00690,2026-08-28,32,55000
P00691,Product_691,B00691,2026-08-18,91,90000
P00692,Product_692,B00692,2026-04-15,14,65000
P00693,Product_693,B00693,2027-01-23,47,100000
P00694,Product_694,B00694,2027-05-08,46,15000
P00695,Product_695,B00695,2027-08-27,63,70000
P00696,Product_696,B00696,2026-03-24,40,90000
P00697,Product_697,B00697,2027-10-12,43,50000
P00698,Product_698,B00698,2027-09-05,35,35000
P00699,Product_699,B00699,2026-04-26,78,15000
P00700,Product_700,B00700,2026-01-03,58,40000
P00701,Product_701,B00701,2027-06-09,56,25000
P00702,Product_702,B00702,2027-06-14,76,85000
P00703,Product_703,B00703,2027-09-01,30,80000
P00704,Product_704,B00704,2026-08-19,46,85000
P00705,Product_705,B00705,2026-06-28,16,40000
P00706,Product_706,B00706,2027-05-25,27,55000
P00707,Product_707,B00707,2027-09-18,34,35000
P00708,Product_708,B00708,2026-05-12,62,70000
P00709,Product_709,B00709,2027-07-21,76,30000
P00710,Product_710,B00710,2026-02-21,58,15000
P00711,Product_711,B00711,2026-09-19,50,15000
P00712,Product_712,B00712,2027-02-05,55,100000
P00713,Product_713,B00713,2027-07-30,10,10000
P00714,Product_714,B00714,2027-06-02,88,85000
P00715,Product_715,B00715,2027-08-31,23,80000
P00716,Product_716,B00716,2027-11-25,10,50000
P00717,Product_717,B00717,2027-05-23,37,40000
P00718,Product_718,B00718,2027-07-16,52,90000
P00719,Product_719,B00719,2027-11-25,55,80000
P00720,Product_720,B00720,2027-09-17,48,100000
P00721,Product_721,B00721,2026-05-19,63,30000
P00722,Product_722,B00722,2027-10-02,58,10000
P00723,Product_723,B00723,2027-06-08,40,60000
P00724,Product_724,B00724,2026-03-25,42,15000
P00725,Product_725,B00725,2027-01-02,21,70000
P00726,Product_726,B00726,2027-03-18,82,35000
P00727,Product_727,B00727,2027-10-30,55,25000
P00728,Product_728,B00728,2026-03-16,91,55000
P00729,Product_729,B00729,2026-05-31,46,65000
P00730,Product_730,B00730,2026-03-19,68,15000
P00731,Product_731,B00731,2026-12-03,45,90000
P00732,Product_732,B00732,2027-09-03,68,70000
P00733,Product_733,B00733,2026-03-15,59,40000
P00734,Product_734,B00734,2026-01-19,80,75000
P00735,Product_735,B00735,2026-01-13,78,90000
P00736,Product_736,B00736,2026-10-17,2,20000
P00737,Product_737,B00737,2027-06-03,56,80000
P00738,Product_738,B00738,2026-12-19,61,95000
P00739,Product_739,B00739,2026-04-11,28,60000
P00740,Product_740,B00740,2026-04-21,15,100000
P00741,Product_741,B00741,2027-09-24,78,35000
P00742,Product_742,B00742,2026-10-22,91,55000
P00743,Product_743,B00743,2027-01-04,77,90000
P00744,Product_744,B00744,2027-03-02,47,30000
P00745,Product_745,B00745,2027-01-22,40,55000
P00746,Product_746,B00746,2027-09-25,42,45000
P00747,Product_747,B00747,2027-08-12,51,85000
P00748,Product_748,B00748,2027-03-14,81,70000
P00749,Product_749,B00749,2026-04-02,12,75000
P00750,Product_750,B00750,2027-11-27,54,80000
P00751,Product_751,B00751,2027-10-10,61,30000
P00752,Product_752,B00752,2026-08-16,32,20000
P00753,Product_753,B00753,2026-08-01,1,25000
P00754,Product_754,B00754,2027-03-24,71,90000
P00755,Product_755,B00755,2026-03-05,78,80000
P00756,Product_756,B00756,2027-05-28,49,25000
P00757,Product_757,B00757,2026-09-28,38,95000
P00758,Product_758,B00758,2027-07-15,84,55000
P00759,Product_759,B00759,2027-10-22,10,85000
P00760,Product_760,B00760,2027-12-09,67,95000
P00761,Product_761,B00761,2026-05-06,61,95000
P00762,Product_762,B00762,2027-12-12,26,45000
P00763,Product_763,B00763,2027-10-11,58,70000
P00764,Product_764,B00764,2026-05-21,97,15000
P00765,Product_765,B00765,2026-05-08,68,50000
P00766,Product_766,B00766,2027-07-22,66,35000
P00767,Product_767,B00767,2026-11-02,41,60000
P00768,Product_768,B00768,2026-06-23,13,35000
P00769,Product_769,B00769,2026-03-06,63,90000
P00770,Product_770,B00770,2026-03-25,31,40000
P00771,Product_771,B00771,2026-08-18,86,40000
P00772,Product_772,B00772,2026-12-02,90,15000
P00773,Product_773,B00773,2027-05-29,54,85000
P00774,Product_774,B00774,2026-07-11,77,40000
P00775,Product_775,B00775,2026-02-15,54,35000
P00776,Product_776,B00776,2027-12-19,54,30000
P00777,Product_777,B00777,2026-11-02,22,20000
P00778,Product_778,B00778,2026-04-14,52,80000
P00779,Product_779,B00779,2026-03-08,61,60000
P00780,Product_780,B00780,2027-12-17,95,45000
P00781,Product_781,B00781,2027-07-08,27,25000
P00782,Product_782,B00782,2026-06-22,55,75000
P00783,Product_783,B00783,2027-05-27,13,90000
P00784,Product_784,B00784,2027-07-12,60,95000
P00785,Product_785,B00785,2026-08-27,82,70000
P00786,Product_786,B00786,2027-07-11,30,35000
P00787,Product_787,B00787,2026-09-17,73,15000
P00788,Product_788,B00788,2026-07-21,32,70000
P00789,Product_789,B00789,2027-01-25,75,40000
P00790,Product_790,B00790,2026-03-23,83,15000
P00791,Product_791,B00791,2026-08-17,61,90000
P00792,Product_792,B00792,2027-01-25,82,90000
P00793,Product_793,B00793,2027-06-07,45,100000
P00794,Product_794,B00794,2027-07-19,67,20000
P00795,Product_795,B00795,2026-01-30,44,80000
P00796,Product_796,B00796,2027-08-06,58,45000
P00797,Product_797,B00797,2027-03-01,7,85000
P00798,Product_798,B00798,2026-09-23,89,10000
P00799,Product_799,B00799,2027-10-16,81,45000
P00800,Product_800,B00800,2026-09-16,13,40000
P00801,Product_801,B00801,2026-06-04,44,45000
P00802,Product_802,B00802,2027-05-10,45,25000
P00803,Product_803,B00803,2027-06-22,48,95000
P00804,Product_804,B00804,2027-03-21,8,75000
P00805,Product_805,B00805,2026-08-23,88,50000
P00806,Product_806,B00806,2026-09-29,46,25000
P00807,Product_807,B00807,2027-06-15,60,80000
P00808,Product_808,B00808,2026-12-20,18,55000
P00809,Product_809,B00809,2026-09-13,92,10000
P00810,Product_810,B00810,2026-12-16,26,55000
P00811,Product_811,B00811,2026-03-21,42,80000
P00812,Product_812,B00812,2026-03-09,20,30000
P00813,Product_813,B00813,2027-04-29,40,55000
P00814,Product_814,B00814,2027-03-21,39,75000
P00815,Product_815,B00815,2027-11-22,33,100000
P00816,Product_816,B00816,2027-01-02,76,75000
P00817,Product_817,B00817,2026-07-19,8,55000
P00818,Product_818,B00818,2026-05-02,43,10000
P00819,Product_819,B00819,2026-06-14,98,65000
P00820,Product_820,B00820,2026-02-23,39,65000
P00821,Product_821,B00821,2026-04-17,50,70000
P00822,Product_822,B00822,2026-11-07,89,95000
P00823,Product_823,B00823,2027-05-25,63,45000
P00824,Product_824,B00824,2026-12-31,82,25000
P00825,Product_825,B00825,2027-01-15,40,85000
P00826,Product_826,B00826,2026-02-19,40,85000
P00827,Product_827,B00827,2027-02-27,29,60000
P00828,Product_828,B00828,2027-03-13,83,95000
P00829,Product_829,B00829,2027-01-21,73,15000
P00830,Product_830,B00830,2026-04-29,72,40000
P00831,Product_831,B00831,2026-08-15,68,60000
P00832,Product_832,B00832,2027-01-19,9,15000
P00833,Product_833,B00833,2027-09-26,71,40000
P00834,Product_834,B00834,2027-02-23,10,15000
P00835,Product_835,B00835,2026-03-26,8,95000
P00836,Product_836,B00836,2026-03-25,11,15000
P00837,Product_837,B00837,2026-02-20,68,45000
P00838,Product_838,B00838,2027-06-02,28,40000
P00839,Product_839,B00839,2027-09-12,27,55000
P00840,Product_840,B00840,2026-01-30,93,40000
P00841,Product_841,B00841,2026-03-02,48,90000
P00842,Product_842,B00842,2026-06-18,72,70000
P00843,Product_843,B00843,2027-10-19,16,50000
P00844,Product_844,B00844,2027-08-27,100,75000
P00845,Product_845,B00845,2026-08-05,52,30000
P00846,Product_846,B00846,2026-08-27,68,60000
P00847,Product_847,B00847,2027-08-01,68,85000
P00848,Product_848,B00848,2027-04-15,34,75000
P00849,Product_849,B00849,2027-11-03,60,15000
P00850,Product_850,B00850,2027-08-04,92,15000
P00851,Product_851,B00851,2027-12-28,35,40000
P00852,Product_852,B00852,2027-12-19,75,10000
P00853,Product_853,B00853,2026-08-28,63,85000
P00854,Product_854,B00854,2026-02-15,57,25000
P00855,Product_855,B00855,2027-02-14,76,50000
P00856,Product_856,B00856,2026-08-30,27,60000
P00857,Product_857,B00857,2027-07-20,3,10000
P00858,Product_858,B00858,2027-12-05,16,10000
P00859,Product_859,B00859,2026-11-25,18,30000
P00860,Product_860,B00860,2027-06-02,65,70000
P00861,Product_861,B00861,2027-07-17,36,60000
P00862,Product_862,B00862,2026-10-13,52,55000
P00863,Product_863,B00863,2026-04-27,74,10000
P00864,Product_864,B00864,2026-07-16,64,30000
P00865,Product_865,B00865,2026-12-25,13,50000
P00866,Product_866,B00866,2026-11-26,74,55000
P00867,Product_867,B00867,2027-01-13,75,80000
P00868,Product_868,B00868,2027-10-22,48,65000
P00869,Product_869,B00869,2026-10-09,93,100000
P00870,Product_870,B00870,2026-09-30,67,25000
P00871,Product_871,B00871,2026-12-05,24,15000
P00872,Product_872,B00872,2027-06-25,10,50000
P00873,Product_873,B00873,2027-04-20,45,100000
P00874,Product_874,B00874,2026-02-04,63,95000
P00875,Product_875,B00875,2027-03-09,76,85000
P00876,Product_876,B00876,2027-04-09,59,75000
P00877,Product_877,B00877,2027-09-17,83,20000
P00878,Product_878,B00878,2026-09-14,39,40000
P00879,Product_879,B00879,2026-01-11,60,35000
P00880,Product_880,B00880,2026-10-12,56,15000
P00881,Product_881,B00881,2027-07-05,43,30000
P00882,Product_882,B00882,2027-10-27,56,10000
P00883,Product_883,B00883,2026-07-12,52,70000
P00884,Product_884,B00884,2026-04-27,37,30000
P00885,Product_885,B00885,2026-09-17,3,65000
P00886,Product_886,B00886,2027-11-01,17,45000
P00887,Product_887,B00887,2026-07-11,6,80000
P00888,Product_888,B00888,2026-10-28,8,75000
P00889,Product_889,B00889,2027-04-17,7,50000
P00890,Product_890,B00890,2026-06-22,15,40000
P00891,Product_891,B00891,2027-08-08,26,90000
P00892,Product_892,B00892,2027-12-06,99,85000
P00893,Product_893,B00893,2027-05-09,78,90000
P00894,Product_894,B00894,2026-03-29,60,20000
P00895,Product_895,B00895,2026-09-12,30,40000
P00896,Product_896,B00896,2026-01-26,4,50000
P00897,Product_897,B00897,2026-11-10,26,65000
P00898,Product_898,B00898,2027-02-01,8,25000
P00899,Product_899,B00899,2027-10-29,44,40000
P00900,Product_900,B00900,2027-07-05,99,75000
P00901,Product_901,B00901,2027-06-22,34,60000
P00902,Product_902,B00902,2026-07-25,17,50000
P00903,Product_903,B00903,2026-05-21,40,75000
P00904,Product_904,B00904,2027-08-02,35,40000
P00905,Product_905,B00905,2026-10-28,45,100000
P00906,Product_906,B00906,2027-10-14,73,25000
P00907,Product_907,B00907,2027-11-05,59,85000
P00908,Product_908,B00908,2026-12-16,92,35000
P00909,Product_909,B00909,2026-12-01,51,95000
P00910,Product_910,B00910,2027-03-12,92,10000
P00911,Product_911,B00911,2026-01-15,5,90000
P00912,Product_912,B00912,2027-04-29,61,30000
P00913,Product_913,B00913,2026-10-21,75,100000
P00914,Product_914,B00914,2027-01-04,20,50000
P00915,Product_915,B00915,2027-02-11,68,50000
P00916,Product_916,B00916,2027-01-14,55,95000
P00917,Product_917,B00917,2027-01-02,17,45000
P00918,Product_918,B00918,2026-12-18,5,25000
P00919,Product_919,B00919,2027-08-16,74,70000
P00920,Product_920,B00920,2026-06-02,85,100000
P00921,Product_921,B00921,2026-02-16,90,70000
P00922,Product_922,B00922,2027-11-05,31,70000
P00923,Product_923,B00923,2026-12-06,31,35000
P00924,Product_924,B00924,2027-12-20,45,70000
P00925,Product_925,B00925,2026-11-07,27,45000
P00926,Product_926,B00926,2026-08-13,83,15000
P00927,Product_927,B00927,2026-08-15,30,30000
P00928,Product_928,B00928,2027-02-15,78,25000
P00929,Product_929,B00929,2027-04-30,3,60000
P00930,Product_930,B00930,2027-05-31,26,75000
P00931,Product_931,B00931,2026-06-15,60,10000
P00932,Product_932,B00932,2026-10-07,97,70000
P00933,Product_933,B00933,2027-09-17,57,90000
P00934,Product_934,B00934,2027-05-02,57,90000
P00935,Product_935,B00935,2027-01-29,78,55000
P00936,Product_936,B00936,2026-11-15,59,20000
P00937,Product_937,B00937,2026-06-08,71,65000
P00938,Product_938,B00938,2027-12-06,20,30000
P00939,Product_939,B00939,2026-05-27,74,75000
P00940,Product_940,B00940,2027-04-13,96,100000
P00941,Product_941,B00941,2027-08-06,21,35000
P00942,Product_942,B00942,2027-08-23,26,75000
P00943,Product_943,B00943,2027-10-16,30,80000
P00944,Product_944,B00944,2026-08-26,34,95000
P00945,Product_945,B00945,2027-10-28,58,15000
P00946,Product_946,B00946,2026-06-29,29,95000
P00947,Product_947,B00947,2027-01-05,89,80000
P00948,Product_948,B00948,2027-05-15,85,70000
P00949,Product_949,B00949,2026-02-06,28,75000
P00950,Product_950,B00950,2027-05-21,99,20000
P00951,Product_951,B00951,2027-09-07,46,10000
P00952,Product_952,B00952,2027-11-15,20,65000
P00953,Product_953,B00953,2026-04-27,28,40000
P00954,Product_954,B00954,2026-06-20,27,100000
P00955,Product_955,B00955,2027-01-10,1,15000
P00956,Product_956,B00956,2027-11-22,37,100000
P00957,Product_957,B00957,2027-01-24,91,35000
P00958,Product_958,B00958,2026-07-15,3,80000
P00959,Product_959,B00959,2027-12-28,29,55000
P00960,Product_960,B00960,2027-05-28,76,100000
P00961,Product_961,B00961,2027-09-30,87,10000
P00962,Product_962,B00962,2026-07-26,58,60000
P00963,Product_963,B00963,2026-07-30,60,50000
P00964,Product_964,B00964,2027-09-15,29,50000
P00965,Product_965,B00965,2027-11-12,76,85000
P00966,Product_966,B00966,2027-06-06,77,50000
P00967,Product_967,B00967,2027-04-05,66,10000
P00968,Product_968,B00968,2027-06-23,59,20000
P00969,Product_969,B00969,2026-07-06,49,30000
P00970,Product_970,B00970,2027-06-12,72,80000
P00971,Product_971,B00971,2026-11-01,71,25000
P00972,Product_972,B00972,2026-03-07,43,45000
P00973,Product_973,B00973,2027-10-20,46,10000
P00974,Product_974,B00974,2026-05-31,82,30000
P00975,Product_975,B00975,2026-03-11,37,85000
P00976,Product_976,B00976,2026-06-28,15,25000
P00977,Product_977,B00977,2026-11-03,83,90000
P00978,Product_978,B00978,2026-05-20,96,25000
P00979,Product_979,B00979,2026-06-03,73,45000
P00980,Product_980,B00980,2027-10-26,77,50000
P00981,Product_981,B00981,2026-12-27,96,90000
P00982,Product_982,B00982,2027-10-08,94,15000
P00983,Product_983,B00983,2026-09-28,35,15000
P00984,Product_984,B00984,2026-04-29,49,75000
P00985,Product_985,B00985,2027-05-28,95,55000
P00986,Product_986,B00986,2027-01-20,77,60000
P00987,Product_987,B00987,2026-03-08,22,70000
P00988,Product_988,B00988,2026-04-20,28,35000
P00989,Product_989,B00989,2027-07-01,26,25000
P00990,Product_990,B00990,2027-08-22,56,40000
P00991,Product_991,B00991,2027-09-18,43,65000
P00992,Product_992,B00992,2027-03-06,34,25000
P00993,Product_993,B00993,2026-01-31,47,40000
P00994,Product_994,B00994,2027-11-15,42,15000
P00995,Product_995,B00995,2027-10-29,5,30000
P00996,Product_996,B00996,2026-01-16,2,15000
P00997,Product_997,B00997,2026-08-19,56,30000
P00998,Product_998,B00998,2026-03-22,94,80000
P00999,Product_999,B00999,2027-07-16,50,15000
P01000,Product_1000,B01000,2026-09-14,41,15000
