action,barcode,productName,batchCode,expiryDate,quantity,price
ADD,P0017,Egg,B100001,2026-09-13,1,10000
ADD,P0006,Medicine,B100002,2027-02-09,14,30000
ADD,P0005,Rice,B100003,2027-01-30,68,65000
ADD,P0017,Egg,B100004,2027-07-27,54,50000
ADD,P0016,Snack,B100005,2027-05-13,42,65000
ADD,P0013,Noodles,B100006,2027-02-12,72,75000
ADD,P0019,Butter,B100007,2027-07-15,49,60000
ADD,P0005,Rice,B100008,2027-05-24,53,10000
ADD,P0018,Cheese,B100009,2027-08-22,64,25000
ADD,P0016,Snack,B100010,2027-10-28,85,15000
ADD,P0018,Cheese,B100011,2026-09-28,19,75000
ADD,P0019,Butter,B100012,2027-11-26,25,75000
ADD,P0011,Water,B100013,2027-10-17,83,75000
ADD,P0004,Tea,B100014,2026-10-10,75,85000
ADD,P0016,Snack,B100015,2026-10-28,84,85000
ADD,P0012,Chocolate,B100016,2027-09-16,3,80000
ADD,P0015,Shampoo,B100017,2027-09-09,97,75000
ADD,P0017,Egg,B100018,2026-09-27,2,85000
ADD,P0010,Candy,B100019,2026-09-11,67,90000
ADD,P0008,Juice,B100020,2026-07-05,39,60000
ADD,P0008,Juice,B100021,2027-04-04,87,40000
ADD,P0017,Egg,B100022,2027-11-07,18,40000
ADD,P0014,Soap,B100023,2026-07-07,82,45000
ADD,P0010,Candy,B100024,2026-09-12,70,45000
ADD,P0016,Snack,B100025,2026-12-11,74,45000
ADD,P0016,Snack,B100026,2026-07-07,63,45000
ADD,P0014,Soap,B100027,2027-10-30,95,70000
ADD,P0012,Chocolate,B100028,2027-09-16,2,20000
ADD,P0010,Candy,B100029,2026-09-30,23,95000
ADD,P0010,Candy,B100030,2027-07-01,59,20000
ADD,P0004,Tea,B100031,2027-05-05,39,35000
ADD,P0012,Chocolate,B100032,2027-10-14,61,20000
ADD,P0007,Book,B100033,2027-04-02,14,70000
ADD,P0003,Coffee,B100034,2027-01-18,80,20000
ADD,P0002,Bread,B100035,2026-10-25,36,60000
ADD,P0006,Medicine,B100036,2026-11-17,34,20000
ADD,P0015,Shampoo,B100037,2027-04-04,78,55000
ADD,P0019,Butter,B100038,2027-04-23,57,20000
ADD,P0001,Milk,B100039,2027-10-26,36,15000
ADD,P0017,Egg,B100040,2027-08-11,86,25000
ADD,P0016,Snack,B100041,2027-12-03,47,75000
ADD,P0004,Tea,B100042,2027-04-22,14,90000
ADD,P0014,Soap,B100043,2026-07-05,58,45000
ADD,P0009,Cake,B100044,2027-12-18,41,70000
ADD,P0006,Medicine,B100045,2026-08-01,12,75000
ADD,P0009,Cake,B100046,2026-09-25,18,45000
ADD,P0002,Bread,B100047,2026-08-07,1,100000
ADD,P0012,Chocolate,B100048,2026-07-05,28,70000
ADD,P0018,Cheese,B100049,2026-12-10,100,35000
ADD,P0011,Water,B100050,2027-09-03,80,90000
ADD,P0009,Cake,B100051,2027-01-10,34,25000
ADD,P0019,Butter,B100052,2027-07-16,42,60000
ADD,P0001,Milk,B100053,2027-01-31,54,20000
ADD,P0012,Chocolate,B100054,2026-10-02,75,50000
ADD,P0006,Medicine,B100055,2027-12-04,6,85000
ADD,P0016,Snack,B100056,2027-09-20,83,45000
ADD,P0013,Noodles,B100057,2027-09-01,73,65000
ADD,P0020,Sugar,B100058,2027-03-10,27,100000
ADD,P0001,Milk,B100059,2026-10-11,97,50000
ADD,P0008,Juice,B100060,2026-11-18,79,25000
ADD,P0018,Cheese,B100061,2027-08-13,46,50000
ADD,P0004,Tea,B100062,2027-06-12,7,40000
ADD,P0002,Bread,B100063,2027-10-06,72,15000
ADD,P0013,Noodles,B100064,2027-04-10,73,80000
ADD,P0008,Juice,B100065,2027-09-20,59,10000
ADD,P0009,Cake,B100066,2026-08-01,64,45000
ADD,P0014,Soap,B100067,2026-12-04,76,80000
ADD,P0016,Snack,B100068,2026-07-08,19,65000
ADD,P0002,Bread,B100069,2027-02-05,64,30000
ADD,P0020,Sugar,B100070,2027-11-08,82,55000
ADD,P0006,Medicine,B100071,2026-07-23,40,20000
ADD,P0014,Soap,B100072,2027-12-12,11,60000
ADD,P0008,Juice,B100073,2026-07-07,88,40000
ADD,P0007,Book,B100074,2027-09-16,7,80000
ADD,P0011,Water,B100075,2026-08-11,79,85000
ADD,P0006,Medicine,B100076,2027-11-04,96,65000
ADD,P0019,Butter,B100077,2027-01-09,21,60000
ADD,P0010,Candy,B100078,2027-01-01,3,60000
ADD,P0008,Juice,B100079,2027-06-18,24,90000
ADD,P0006,Medicine,B100080,2027-04-21,44,100000
ADD,P0006,Medicine,B100081,2027-01-20,63,80000
ADD,P0012,Chocolate,B100082,2027-10-24,88,70000
ADD,P0005,Rice,B100083,2026-12-25,60,90000
ADD,P0013,Noodles,B100084,2026-12-11,56,40000
ADD,P0009,Cake,B100085,2026-07-03,30,40000
ADD,P0005,Rice,B100086,2026-09-01,53,100000
ADD,P0017,Egg,B100087,2026-07-05,50,25000
ADD,P0008,Juice,B100088,2026-08-04,3,25000
ADD,P0006,Medicine,B100089,2027-08-24,35,65000
ADD,P0017,Egg,B100090,2026-12-21,10,85000
ADD,P0017,Egg,B100091,2026-09-25,13,65000
ADD,P0011,Water,B100092,2027-09-02,24,75000
ADD,P0017,Egg,B100093,2026-08-03,69,90000
ADD,P0004,Tea,B100094,2027-07-04,22,85000
ADD,P0003,Coffee,B100095,2026-07-07,68,70000
ADD,P0001,Milk,B100096,2027-11-24,38,95000
ADD,P0014,Soap,B100097,2026-07-03,34,55000
ADD,P0007,Book,B100098,2026-10-10,97,65000
ADD,P0016,Snack,B100099,2026-08-08,21,55000
ADD,P0004,Tea,B100100,2026-07-30,63,85000
ADD,P0012,Chocolate,B100101,2027-11-23,49,55000
ADD,P0011,Water,B100102,2027-02-21,9,90000
ADD,P0009,Cake,B100103,2026-11-16,66,30000
ADD,P0009,Cake,B100104,2027-06-14,99,50000
ADD,P0016,Snack,B100105,2027-12-21,58,65000
ADD,P0006,Medicine,B100106,2027-01-10,47,50000
ADD,P0015,Shampoo,B100107,2027-02-04,96,25000
ADD,P0016,Snack,B100108,2026-12-23,77,80000
ADD,P0009,Cake,B100109,2027-04-09,91,95000
ADD,P0013,Noodles,B100110,2027-04-05,5,25000
ADD,P0002,Bread,B100111,2026-12-17,37,25000
ADD,P0006,Medicine,B100112,2026-11-20,15,45000
ADD,P0012,Chocolate,B100113,2026-07-05,45,20000
ADD,P0018,Cheese,B100114,2027-08-28,39,50000
ADD,P0010,Candy,B100115,2027-08-09,31,55000
ADD,P0019,Butter,B100116,2027-02-19,40,75000
ADD,P0002,Bread,B100117,2026-11-06,30,15000
ADD,P0002,Bread,B100118,2026-07-02,34,100000
ADD,P0012,Chocolate,B100119,2027-09-22,65,15000
ADD,P0006,Medicine,B100120,2027-10-07,25,70000
ADD,P0003,Coffee,B100121,2027-05-23,81,25000
ADD,P0004,Tea,B100122,2026-07-08,32,65000
ADD,P0017,Egg,B100123,2026-07-05,50,70000
ADD,P0005,Rice,B100124,2027-01-13,66,40000
ADD,P0015,Shampoo,B100125,2027-03-06,54,80000
ADD,P0006,Medicine,B100126,2027-05-19,65,25000
ADD,P0013,Noodles,B100127,2027-05-12,6,45000
ADD,P0005,Rice,B100128,2027-06-28,90,90000
ADD,P0011,Water,B100129,2027-09-30,47,25000
ADD,P0017,Egg,B100130,2026-10-18,74,10000
ADD,P0001,Milk,B100131,2027-12-02,63,35000
ADD,P0009,Cake,B100132,2026-07-06,20,60000
ADD,P0006,Medicine,B100133,2026-10-26,78,80000
ADD,P0011,Water,B100134,2026-08-08,60,35000
ADD,P0006,Medicine,B100135,2026-07-06,46,40000
ADD,P0016,Snack,B100136,2027-04-30,6,90000
ADD,P0012,Chocolate,B100137,2027-10-11,95,35000
ADD,P0011,Water,B100138,2027-05-24,35,10000
ADD,P0006,Medicine,B100139,2027-06-21,95,55000
ADD,P0003,Coffee,B100140,2027-02-13,78,85000
ADD,P0009,Cake,B100141,2027-04-29,2,80000
ADD,P0014,Soap,B100142,2027-03-05,50,50000
ADD,P0006,Medicine,B100143,2027-01-01,28,75000
ADD,P0004,Tea,B100144,2027-05-14,83,80000
ADD,P0012,Chocolate,B100145,2027-03-16,81,20000
ADD,P0018,Cheese,B100146,2026-07-04,53,30000
ADD,P0006,Medicine,B100147,2026-08-03,3,45000
ADD,P0010,Candy,B100148,2027-10-29,63,25000
ADD,P0003,Coffee,B100149,2026-11-08,70,15000
ADD,P0016,Snack,B100150,2027-01-18,35,55000
ADD,P0020,Sugar,B100151,2026-07-05,38,30000
ADD,P0014,Soap,B100152,2026-12-10,66,85000
ADD,P0010,Candy,B100153,2026-07-07,100,65000
ADD,P0012,Chocolate,B100154,2027-12-05,34,20000
ADD,P0019,Butter,B100155,2027-04-25,74,60000
ADD,P0019,Butter,B100156,2026-07-10,98,90000
ADD,P0006,Medicine,B100157,2026-12-15,39,95000
ADD,P0008,Juice,B100158,2026-07-04,66,80000
ADD,P0017,Egg,B100159,2026-07-08,68,20000
ADD,P0020,Sugar,B100160,2026-11-28,85,20000
ADD,P0013,Noodles,B100161,2026-12-10,7,90000
ADD,P0002,Bread,B100162,2026-08-03,8,75000
ADD,P0005,Rice,B100163,2027-06-14,25,85000
ADD,P0014,Soap,B100164,2026-09-01,30,15000
ADD,P0012,Chocolate,B100165,2027-03-10,79,70000
ADD,P0019,Butter,B100166,2027-01-07,7,45000
ADD,P0015,Shampoo,B100167,2027-05-30,75,45000
ADD,P0020,Sugar,B100168,2027-08-11,34,75000
ADD,P0020,Sugar,B100169,2027-09-28,91,65000
ADD,P0012,Chocolate,B100170,2027-05-11,41,95000
ADD,P0015,Shampoo,B100171,2026-09-02,97,70000
ADD,P0007,Book,B100172,2027-09-28,53,55000
ADD,P0010,Candy,B100173,2027-05-14,69,55000
ADD,P0014,Soap,B100174,2027-10-24,56,100000
ADD,P0018,Cheese,B100175,2027-03-18,72,45000
ADD,P0002,Bread,B100176,2027-11-01,28,60000
ADD,P0004,Tea,B100177,2027-09-11,75,50000
ADD,P0011,Water,B100178,2026-07-08,75,75000
ADD,P0016,Snack,B100179,2027-08-31,99,35000
ADD,P0012,Chocolate,B100180,2026-12-07,62,40000
ADD,P0004,Tea,B100181,2027-04-14,98,40000
ADD,P0010,Candy,B100182,2027-08-03,66,30000
ADD,P0018,Cheese,B100183,2027-09-27,69,20000
ADD,P0018,Cheese,B100184,2027-04-04,39,80000
ADD,P0014,Soap,B100185,2026-07-26,30,70000
ADD,P0014,Soap,B100186,2027-09-02,7,40000
ADD,P0008,Juice,B100187,2026-09-10,16,85000
ADD,P0010,Candy,B100188,2027-12-11,58,65000
ADD,P0017,Egg,B100189,2027-01-10,89,30000
ADD,P0013,Noodles,B100190,2026-08-08,16,30000
ADD,P0004,Tea,B100191,2027-12-01,94,20000
ADD,P0017,Egg,B100192,2027-03-19,88,60000
ADD,P0019,Butter,B100193,2026-07-06,96,65000
ADD,P0010,Candy,B100194,2027-02-05,23,25000
ADD,P0006,Medicine,B100195,2027-08-16,44,15000
ADD,P0010,Candy,B100196,2026-10-28,33,55000
ADD,P0003,Coffee,B100197,2026-10-15,95,70000
ADD,P0004,Tea,B100198,2026-10-08,73,55000
ADD,P0013,Noodles,B100199,2026-07-03,25,65000
ADD,P0019,Butter,B100200,2026-11-05,52,85000
ADD,P0001,Milk,B100201,2027-09-20,28,20000
ADD,P0017,Egg,B100202,2027-02-27,62,85000
ADD,P0003,Coffee,B100203,2026-07-02,17,75000
ADD,P0011,Water,B100204,2027-04-21,98,35000
ADD,P0020,Sugar,B100205,2027-08-10,26,35000
ADD,P0001,Milk,B100206,2026-09-16,82,95000
ADD,P0012,Chocolate,B100207,2027-01-31,56,50000
ADD,P0012,Chocolate,B100208,2026-08-25,13,20000
ADD,P0006,Medicine,B100209,2026-07-02,57,55000
ADD,P0011,Water,B100210,2026-07-27,92,80000
ADD,P0020,Sugar,B100211,2026-10-14,11,60000
ADD,P0002,Bread,B100212,2027-05-16,23,95000
ADD,P0011,Water,B100213,2027-03-23,14,70000
ADD,P0008,Juice,B100214,2026-07-02,85,90000
ADD,P0006,Medicine,B100215,2027-10-25,41,50000
ADD,P0002,Bread,B100216,2027-04-21,91,45000
ADD,P0006,Medicine,B100217,2026-08-26,39,50000
ADD,P0002,Bread,B100218,2026-07-05,32,75000
ADD,P0017,Egg,B100219,2026-10-02,18,65000
ADD,P0001,Milk,B100220,2026-07-04,88,10000
ADD,P0012,Chocolate,B100221,2027-08-12,49,100000
ADD,P0007,Book,B100222,2026-08-22,20,90000
ADD,P0005,Rice,B100223,2027-02-24,12,60000
ADD,P0016,Snack,B100224,2026-08-11,29,95000
ADD,P0009,Cake,B100225,2027-07-22,64,40000
ADD,P0001,Milk,B100226,2027-01-23,65,90000
ADD,P0007,Book,B100227,2026-11-24,55,30000
ADD,P0010,Candy,B100228,2027-06-23,54,70000
ADD,P0001,Milk,B100229,2026-07-18,59,60000
ADD,P0019,Butter,B100230,2027-03-30,85,70000
ADD,P0004,Tea,B100231,2027-11-26,79,10000
ADD,P0014,Soap,B100232,2027-06-24,71,10000
ADD,P0009,Cake,B100233,2027-12-17,48,55000
ADD,P0007,Book,B100234,2027-12-10,100,65000
ADD,P0007,Book,B100235,2027-03-14,63,20000
ADD,P0008,Juice,B100236,2027-02-01,35,75000
ADD,P0014,Soap,B100237,2027-11-18,27,100000
ADD,P0018,Cheese,B100238,2027-12-31,21,70000
ADD,P0012,Chocolate,B100239,2027-06-27,15,95000
ADD,P0009,Cake,B100240,2026-07-07,74,25000
ADD,P0005,Rice,B100241,2026-11-24,66,50000
ADD,P0013,Noodles,B100242,2027-10-29,92,10000
ADD,P0007,Book,B100243,2026-08-20,62,50000
ADD,P0016,Snack,B100244,2026-12-22,7,20000
ADD,P0012,Chocolate,B100245,2027-03-20,89,95000
ADD,P0007,Book,B100246,2027-02-16,100,80000
ADD,P0019,Butter,B100247,2027-01-28,28,10000
ADD,P0003,Coffee,B100248,2027-03-24,61,90000
ADD,P0003,Coffee,B100249,2026-10-12,61,95000
ADD,P0014,Soap,B100250,2026-11-22,11,20000
ADD,P0007,Book,B100251,2027-07-07,53,35000
ADD,P0004,Tea,B100252,2027-04-27,91,40000
ADD,P0005,Rice,B100253,2026-07-03,80,90000
ADD,P0020,Sugar,B100254,2026-07-04,7,65000
ADD,P0010,Candy,B100255,2027-03-24,43,65000
ADD,P0018,Cheese,B100256,2027-01-04,19,15000
ADD,P0002,Bread,B100257,2026-09-29,98,85000
ADD,P0003,Coffee,B100258,2027-03-27,26,25000
ADD,P0012,Chocolate,B100259,2027-11-03,100,80000
ADD,P0007,Book,B100260,2027-09-08,14,35000
ADD,P0004,Tea,B100261,2027-02-16,80,60000
ADD,P0013,Noodles,B100262,2027-06-25,45,20000
ADD,P0006,Medicine,B100263,2027-06-29,68,80000
ADD,P0004,Tea,B100264,2027-09-28,71,60000
ADD,P0005,Rice,B100265,2027-05-11,25,95000
ADD,P0006,Medicine,B100266,2027-08-28,55,50000
ADD,P0015,Shampoo,B100267,2026-07-06,80,80000
ADD,P0002,Bread,B100268,2027-10-29,66,10000
ADD,P0016,Snack,B100269,2027-10-20,82,85000
ADD,P0020,Sugar,B100270,2026-12-19,55,55000
ADD,P0010,Candy,B100271,2026-07-05,96,15000
ADD,P0013,Noodles,B100272,2027-08-23,13,50000
ADD,P0008,Juice,B100273,2027-07-17,7,45000
ADD,P0006,Medicine,B100274,2027-04-22,79,65000
ADD,P0007,Book,B100275,2027-08-25,41,25000
ADD,P0001,Milk,B100276,2026-08-20,51,85000
ADD,P0014,Soap,B100277,2027-02-11,40,25000
ADD,P0016,Snack,B100278,2027-07-20,6,20000
ADD,P0009,Cake,B100279,2026-09-23,62,35000
ADD,P0001,Milk,B100280,2026-12-22,81,65000
ADD,P0013,Noodles,B100281,2026-12-05,79,95000
ADD,P0009,Cake,B100282,2027-04-09,24,10000
ADD,P0018,Cheese,B100283,2027-10-27,73,65000
ADD,P0015,Shampoo,B100284,2026-08-31,87,25000
ADD,P0008,Juice,B100285,2027-01-23,91,15000
ADD,P0020,Sugar,B100286,2027-07-10,64,100000
ADD,P0009,Cake,B100287,2027-10-01,74,80000
ADD,P0008,Juice,B100288,2027-07-19,77,75000
ADD,P0010,Candy,B100289,2027-10-11,39,55000
ADD,P0004,Tea,B100290,2027-09-11,50,100000
ADD,P0003,Coffee,B100291,2027-05-02,20,60000
ADD,P0005,Rice,B100292,2027-06-01,22,25000
ADD,P0009,Cake,B100293,2026-07-07,16,50000
ADD,P0018,Cheese,B100294,2027-11-23,98,50000
ADD,P0018,Cheese,B100295,2026-11-22,96,25000
ADD,P0004,Tea,B100296,2027-05-28,48,30000
ADD,P0007,Book,B100297,2026-07-10,7,55000
ADD,P0013,Noodles,B100298,2027-06-20,77,100000
ADD,P0014,Soap,B100299,2026-12-25,36,50000
ADD,P0011,Water,B100300,2026-07-05,97,70000
ADD,P0002,Bread,B100301,2027-10-09,23,80000
ADD,P0013,Noodles,B100302,2027-01-28,61,40000
ADD,P0007,Book,B100303,2027-01-19,69,60000
ADD,P0003,Coffee,B100304,2027-03-16,76,70000
ADD,P0004,Tea,B100305,2027-08-13,74,55000
ADD,P0016,Snack,B100306,2027-04-12,86,15000
ADD,P0014,Soap,B100307,2027-09-02,19,25000
ADD,P0005,Rice,B100308,2027-08-13,59,80000
ADD,P0007,Book,B100309,2027-10-15,82,65000
ADD,P0010,Candy,B100310,2027-06-17,77,80000
ADD,P0003,Coffee,B100311,2027-06-14,28,70000
ADD,P0006,Medicine,B100312,2027-02-26,45,65000
ADD,P0003,Coffee,B100313,2027-11-20,99,65000
ADD,P0019,Butter,B100314,2027-12-20,80,55000
ADD,P0014,Soap,B100315,2027-06-13,50,100000
ADD,P0003,Coffee,B100316,2026-10-02,54,60000
ADD,P0004,Tea,B100317,2027-08-24,7,25000
ADD,P0012,Chocolate,B100318,2027-09-15,26,40000
ADD,P0006,Medicine,B100319,2027-04-18,39,25000
ADD,P0010,Candy,B100320,2027-12-14,93,60000
ADD,P0005,Rice,B100321,2027-04-17,59,70000
ADD,P0007,Book,B100322,2026-11-02,54,20000
ADD,P0011,Water,B100323,2027-11-05,2,90000
ADD,P0015,Shampoo,B100324,2026-07-06,90,100000
ADD,P0003,Coffee,B100325,2026-07-30,58,30000
ADD,P0013,Noodles,B100326,2026-12-10,92,50000
ADD,P0014,Soap,B100327,2027-08-21,73,100000
ADD,P0020,Sugar,B100328,2027-11-14,34,60000
ADD,P0006,Medicine,B100329,2026-07-08,42,85000
ADD,P0013,Noodles,B100330,2027-01-28,33,15000
ADD,P0007,Book,B100331,2026-07-22,70,45000
ADD,P0014,Soap,B100332,2026-11-19,84,100000
ADD,P0002,Bread,B100333,2026-08-23,75,70000
ADD,P0017,Egg,B100334,2027-07-23,72,75000
ADD,P0007,Book,B100335,2026-11-26,100,95000
ADD,P0001,Milk,B100336,2026-11-15,91,80000
ADD,P0018,Cheese,B100337,2027-06-14,96,85000
ADD,P0007,Book,B100338,2026-11-18,92,10000
ADD,P0014,Soap,B100339,2027-03-25,3,20000
ADD,P0012,Chocolate,B100340,2026-12-25,64,60000
ADD,P0019,Butter,B100341,2026-11-26,31,60000
ADD,P0009,Cake,B100342,2027-04-08,37,25000
ADD,P0001,Milk,B100343,2026-07-05,90,90000
ADD,P0005,Rice,B100344,2026-07-31,71,70000
ADD,P0004,Tea,B100345,2026-10-06,21,70000
ADD,P0017,Egg,B100346,2026-11-16,18,35000
ADD,P0013,Noodles,B100347,2026-08-29,78,25000
ADD,P0001,Milk,B100348,2027-10-05,58,10000
ADD,P0018,Cheese,B100349,2027-12-22,97,60000
ADD,P0013,Noodles,B100350,2027-03-04,54,75000
ADD,P0015,Shampoo,B100351,2027-04-22,9,10000
ADD,P0003,Coffee,B100352,2027-06-13,80,65000
ADD,P0011,Water,B100353,2026-07-02,7,35000
ADD,P0006,Medicine,B100354,2026-07-08,42,70000
ADD,P0009,Cake,B100355,2026-09-21,51,10000
ADD,P0007,Book,B100356,2026-07-02,13,95000
ADD,P0018,Cheese,B100357,2027-09-14,72,50000
ADD,P0008,Juice,B100358,2026-07-06,62,90000
ADD,P0001,Milk,B100359,2026-07-03,74,90000
ADD,P0004,Tea,B100360,2026-07-06,18,100000
ADD,P0009,Cake,B100361,2026-08-24,51,15000
ADD,P0018,Cheese,B100362,2026-10-14,37,70000
ADD,P0013,Noodles,B100363,2026-11-28,28,35000
ADD,P0010,Candy,B100364,2027-08-20,76,95000
ADD,P0009,Cake,B100365,2026-10-11,30,100000
ADD,P0009,Cake,B100366,2026-10-25,63,95000
ADD,P0018,Cheese,B100367,2027-09-27,94,30000
ADD,P0020,Sugar,B100368,2026-07-03,36,15000
ADD,P0006,Medicine,B100369,2026-12-17,20,30000
ADD,P0018,Cheese,B100370,2027-09-07,5,90000
ADD,P0020,Sugar,B100371,2026-08-28,24,75000
ADD,P0012,Chocolate,B100372,2026-12-26,85,70000
ADD,P0009,Cake,B100373,2027-11-30,45,40000
ADD,P0007,Book,B100374,2026-07-02,94,30000
ADD,P0008,Juice,B100375,2027-11-05,33,50000
ADD,P0019,Butter,B100376,2026-10-07,10,65000
ADD,P0018,Cheese,B100377,2026-11-24,45,75000
ADD,P0002,Bread,B100378,2027-04-02,33,70000
ADD,P0009,Cake,B100379,2027-08-05,46,80000
ADD,P0020,Sugar,B100380,2026-08-25,69,85000
ADD,P0015,Shampoo,B100381,2026-08-28,51,50000
ADD,P0015,Shampoo,B100382,2027-06-04,88,65000
ADD,P0004,Tea,B100383,2027-03-21,59,10000
ADD,P0001,Milk,B100384,2026-11-19,60,65000
ADD,P0013,Noodles,B100385,2027-05-31,80,60000
ADD,P0009,Cake,B100386,2026-10-20,67,60000
ADD,P0009,Cake,B100387,2027-03-09,53,100000
ADD,P0015,Shampoo,B100388,2027-08-18,77,15000
ADD,P0006,Medicine,B100389,2027-09-11,9,100000
ADD,P0020,Sugar,B100390,2026-10-16,63,25000
ADD,P0015,Shampoo,B100391,2027-12-24,52,90000
ADD,P0017,Egg,B100392,2027-10-30,7,10000
ADD,P0016,Snack,B100393,2027-05-11,62,25000
ADD,P0009,Cake,B100394,2026-10-09,92,90000
ADD,P0004,Tea,B100395,2026-07-31,81,80000
ADD,P0001,Milk,B100396,2027-10-28,47,75000
ADD,P0003,Coffee,B100397,2027-02-25,62,45000
ADD,P0003,Coffee,B100398,2026-07-04,5,35000
ADD,P0016,Snack,B100399,2027-10-04,35,20000
ADD,P0009,Cake,B100400,2026-12-10,15,70000
ADD,P0008,Juice,B100401,2027-03-07,14,60000
ADD,P0014,Soap,B100402,2027-09-21,60,80000
ADD,P0007,Book,B100403,2026-07-08,14,100000
ADD,P0014,Soap,B100404,2026-10-31,39,95000
ADD,P0003,Coffee,B100405,2026-10-09,6,40000
ADD,P0013,Noodles,B100406,2026-10-02,76,100000
ADD,P0014,Soap,B100407,2027-03-05,96,85000
ADD,P0001,Milk,B100408,2027-04-23,90,15000
ADD,P0017,Egg,B100409,2026-07-06,31,70000
ADD,P0016,Snack,B100410,2027-05-17,66,70000
ADD,P0019,Butter,B100411,2026-10-26,23,65000
ADD,P0008,Juice,B100412,2026-10-25,21,20000
ADD,P0012,Chocolate,B100413,2026-12-23,39,45000
ADD,P0014,Soap,B100414,2026-07-03,67,60000
ADD,P0008,Juice,B100415,2027-05-04,36,25000
ADD,P0008,Juice,B100416,2027-12-26,85,85000
ADD,P0009,Cake,B100417,2027-08-05,14,10000
ADD,P0005,Rice,B100418,2027-03-12,93,70000
ADD,P0002,Bread,B100419,2027-08-11,63,15000
ADD,P0014,Soap,B100420,2027-10-30,19,50000
ADD,P0011,Water,B100421,2027-07-17,35,80000
ADD,P0012,Chocolate,B100422,2026-09-09,69,45000
ADD,P0012,Chocolate,B100423,2027-04-17,19,95000
ADD,P0018,Cheese,B100424,2027-05-17,13,15000
ADD,P0012,Chocolate,B100425,2027-10-27,41,45000
ADD,P0003,Coffee,B100426,2027-03-20,29,10000
ADD,P0019,Butter,B100427,2026-11-01,53,95000
ADD,P0001,Milk,B100428,2026-07-14,14,20000
ADD,P0010,Candy,B100429,2027-03-25,42,40000
ADD,P0007,Book,B100430,2026-09-06,41,15000
ADD,P0020,Sugar,B100431,2027-11-15,13,25000
ADD,P0007,Book,B100432,2027-01-07,62,100000
ADD,P0009,Cake,B100433,2027-07-15,70,65000
ADD,P0016,Snack,B100434,2027-07-30,16,25000
ADD,P0010,Candy,B100435,2027-11-16,21,80000
ADD,P0004,Tea,B100436,2027-01-12,12,35000
ADD,P0008,Juice,B100437,2027-04-25,47,25000
ADD,P0008,Juice,B100438,2027-07-08,55,65000
ADD,P0014,Soap,B100439,2027-05-05,7,50000
ADD,P0009,Cake,B100440,2026-07-02,59,20000
ADD,P0002,Bread,B100441,2027-08-20,73,80000
ADD,P0007,Book,B100442,2027-07-20,15,45000
ADD,P0018,Cheese,B100443,2026-11-08,13,30000
ADD,P0008,Juice,B100444,2026-09-30,1,85000
ADD,P0006,Medicine,B100445,2027-08-28,31,25000
ADD,P0007,Book,B100446,2027-09-21,67,75000
ADD,P0014,Soap,B100447,2027-07-30,69,90000
ADD,P0019,Butter,B100448,2026-08-14,99,55000
ADD,P0005,Rice,B100449,2026-12-07,27,65000
ADD,P0013,Noodles,B100450,2027-09-02,91,60000
ADD,P0014,Soap,B100451,2026-07-06,36,55000
ADD,P0006,Medicine,B100452,2027-10-12,7,25000
ADD,P0015,Shampoo,B100453,2027-02-11,35,95000
ADD,P0002,Bread,B100454,2027-11-25,21,80000
ADD,P0009,Cake,B100455,2027-11-09,24,35000
ADD,P0002,Bread,B100456,2027-10-31,93,95000
ADD,P0010,Candy,B100457,2027-11-13,24,35000
ADD,P0020,Sugar,B100458,2026-12-03,84,85000
ADD,P0014,Soap,B100459,2026-07-04,20,85000
ADD,P0006,Medicine,B100460,2026-09-07,17,40000
ADD,P0018,Cheese,B100461,2026-11-10,7,95000
ADD,P0020,Sugar,B100462,2027-11-26,56,95000
ADD,P0015,Shampoo,B100463,2027-03-07,98,45000
ADD,P0001,Milk,B100464,2027-02-09,33,80000
ADD,P0008,Juice,B100465,2026-12-23,65,25000
ADD,P0020,Sugar,B100466,2027-01-18,67,65000
ADD,P0020,Sugar,B100467,2026-12-02,25,100000
ADD,P0006,Medicine,B100468,2027-09-16,14,60000
ADD,P0010,Candy,B100469,2026-07-04,97,50000
ADD,P0012,Chocolate,B100470,2026-12-27,31,95000
ADD,P0014,Soap,B100471,2027-01-21,78,30000
ADD,P0011,Water,B100472,2027-03-25,98,95000
ADD,P0010,Candy,B100473,2027-05-27,80,10000
ADD,P0015,Shampoo,B100474,2027-07-11,49,100000
ADD,P0003,Coffee,B100475,2027-05-17,92,65000
ADD,P0012,Chocolate,B100476,2026-12-24,51,20000
ADD,P0004,Tea,B100477,2026-11-16,80,90000
ADD,P0007,Book,B100478,2027-05-23,87,65000
ADD,P0014,Soap,B100479,2026-07-02,85,60000
ADD,P0010,Candy,B100480,2027-03-07,43,25000
ADD,P0011,Water,B100481,2027-01-02,79,75000
ADD,P0009,Cake,B100482,2026-11-08,38,90000
ADD,P0017,Egg,B100483,2027-03-17,61,95000
ADD,P0003,Coffee,B100484,2027-02-18,36,85000
ADD,P0019,Butter,B100485,2027-06-12,35,55000
ADD,P0002,Bread,B100486,2027-08-03,85,70000
ADD,P0012,Chocolate,B100487,2027-06-03,80,25000
ADD,P0008,Juice,B100488,2027-02-09,75,15000
ADD,P0013,Noodles,B100489,2026-12-26,7,80000
ADD,P0009,Cake,B100490,2026-09-13,37,65000
ADD,P0003,Coffee,B100491,2026-07-06,66,85000
ADD,P0004,Tea,B100492,2026-08-04,62,25000
ADD,P0010,Candy,B100493,2027-04-02,11,60000
ADD,P0012,Chocolate,B100494,2026-08-15,26,65000
ADD,P0018,Cheese,B100495,2027-01-14,46,20000
ADD,P0004,Tea,B100496,2026-11-24,19,75000
ADD,P0013,Noodles,B100497,2027-12-30,58,90000
ADD,P0008,Juice,B100498,2027-03-21,24,25000
ADD,P0016,Snack,B100499,2027-11-19,91,30000
ADD,P0005,Rice,B100500,2027-04-27,5,60000
ADD,P0011,Water,B100501,2027-07-19,11,40000
ADD,P0020,Sugar,B100502,2027-10-30,63,20000
ADD,P0008,Juice,B100503,2027-10-19,53,70000
ADD,P0018,Cheese,B100504,2027-12-15,70,25000
ADD,P0001,Milk,B100505,2027-12-07,12,80000
ADD,P0019,Butter,B100506,2026-07-08,23,90000
ADD,P0003,Coffee,B100507,2027-05-28,99,20000
ADD,P0001,Milk,B100508,2027-06-08,44,85000
ADD,P0007,Book,B100509,2026-07-19,82,35000
ADD,P0014,Soap,B100510,2027-10-22,74,80000
ADD,P0013,Noodles,B100511,2027-12-15,17,35000
ADD,P0018,Cheese,B100512,2027-06-10,69,75000
ADD,P0007,Book,B100513,2026-10-21,52,70000
ADD,P0008,Juice,B100514,2027-02-20,23,45000
ADD,P0011,Water,B100515,2026-08-16,61,25000
ADD,P0011,Water,B100516,2026-07-05,36,30000
ADD,P0002,Bread,B100517,2027-10-18,60,25000
ADD,P0003,Coffee,B100518,2026-11-06,96,90000
ADD,P0014,Soap,B100519,2027-08-18,68,55000
ADD,P0017,Egg,B100520,2027-10-29,49,35000
ADD,P0010,Candy,B100521,2027-01-11,16,90000
ADD,P0008,Juice,B100522,2026-10-09,72,80000
ADD,P0008,Juice,B100523,2027-04-14,69,95000
ADD,P0003,Coffee,B100524,2026-12-01,26,80000
ADD,P0008,Juice,B100525,2026-09-28,3,40000
ADD,P0012,Chocolate,B100526,2027-05-26,48,15000
ADD,P0007,Book,B100527,2027-02-07,62,35000
ADD,P0012,Chocolate,B100528,2026-07-08,36,55000
ADD,P0004,Tea,B100529,2027-10-21,95,10000
ADD,P0007,Book,B100530,2026-10-26,79,95000
ADD,P0014,Soap,B100531,2027-01-12,47,45000
ADD,P0006,Medicine,B100532,2026-07-02,95,75000
ADD,P0015,Shampoo,B100533,2026-11-27,42,25000
ADD,P0005,Rice,B100534,2027-12-20,94,50000
ADD,P0003,Coffee,B100535,2026-07-02,54,20000
ADD,P0006,Medicine,B100536,2026-11-08,6,75000
ADD,P0015,Shampoo,B100537,2027-08-24,77,20000
ADD,P0006,Medicine,B100538,2027-06-28,26,25000
ADD,P0004,Tea,B100539,2027-07-02,36,50000
ADD,P0008,Juice,B100540,2027-07-01,54,40000
ADD,P0004,Tea,B100541,2027-12-01,26,70000
ADD,P0009,Cake,B100542,2027-08-23,61,85000
ADD,P0019,Butter,B100543,2026-11-22,27,65000
ADD,P0020,Sugar,B100544,2026-07-02,100,65000
ADD,P0016,Snack,B100545,2027-01-01,95,95000
ADD,P0001,Milk,B100546,2026-09-26,32,80000
ADD,P0020,Sugar,B100547,2027-08-28,32,55000
ADD,P0018,Cheese,B100548,2027-08-19,97,20000
ADD,P0002,Bread,B100549,2027-10-08,26,15000
ADD,P0010,Candy,B100550,2027-12-06,5,90000
ADD,P0012,Chocolate,B100551,2027-08-18,27,50000
ADD,P0006,Medicine,B100552,2026-11-25,74,85000
ADD,P0007,Book,B100553,2027-06-26,56,55000
ADD,P0012,Chocolate,B100554,2026-08-10,54,95000
ADD,P0005,Rice,B100555,2026-10-04,21,50000
ADD,P0002,Bread,B100556,2027-07-29,95,45000
ADD,P0017,Egg,B100557,2027-05-11,93,80000
ADD,P0012,Chocolate,B100558,2026-07-02,16,85000
ADD,P0006,Medicine,B100559,2026-09-06,22,70000
ADD,P0007,Book,B100560,2026-10-17,39,15000
ADD,P0007,Book,B100561,2026-07-06,84,65000
ADD,P0002,Bread,B100562,2026-07-05,34,35000
ADD,P0014,Soap,B100563,2027-10-20,51,15000
ADD,P0006,Medicine,B100564,2026-11-16,60,40000
ADD,P0015,Shampoo,B100565,2026-07-04,51,95000
ADD,P0015,Shampoo,B100566,2026-12-29,8,10000
ADD,P0001,Milk,B100567,2026-08-30,23,45000
ADD,P0005,Rice,B100568,2026-08-11,82,90000
ADD,P0010,Candy,B100569,2027-02-23,34,15000
ADD,P0017,Egg,B100570,2026-07-16,8,35000
ADD,P0010,Candy,B100571,2027-01-04,31,55000
ADD,P0016,Snack,B100572,2026-07-04,81,90000
ADD,P0012,Chocolate,B100573,2027-05-29,21,100000
ADD,P0006,Medicine,B100574,2026-07-07,94,75000
ADD,P0003,Coffee,B100575,2027-04-07,13,70000
ADD,P0018,Cheese,B100576,2026-08-18,41,10000
ADD,P0014,Soap,B100577,2026-11-07,37,10000
ADD,P0001,Milk,B100578,2027-08-02,57,55000
ADD,P0009,Cake,B100579,2026-07-24,32,55000
ADD,P0020,Sugar,B100580,2026-12-26,39,75000
ADD,P0015,Shampoo,B100581,2026-09-18,68,30000
ADD,P0010,Candy,B100582,2027-10-25,39,55000
ADD,P0015,Shampoo,B100583,2027-02-03,69,30000
ADD,P0004,Tea,B100584,2026-11-18,4,80000
ADD,P0003,Coffee,B100585,2027-09-27,16,10000
ADD,P0014,Soap,B100586,2027-05-26,55,20000
ADD,P0001,Milk,B100587,2027-04-20,33,50000
ADD,P0009,Cake,B100588,2027-11-08,70,50000
ADD,P0002,Bread,B100589,2026-11-30,3,55000
ADD,P0006,Medicine,B100590,2027-08-30,32,40000
ADD,P0012,Chocolate,B100591,2027-11-17,98,65000
ADD,P0020,Sugar,B100592,2027-10-10,90,50000
ADD,P0011,Water,B100593,2027-02-04,6,45000
ADD,P0002,Bread,B100594,2027-11-11,29,50000
ADD,P0008,Juice,B100595,2027-05-18,9,65000
ADD,P0011,Water,B100596,2027-11-05,81,95000
ADD,P0009,Cake,B100597,2026-07-04,86,90000
ADD,P0018,Cheese,B100598,2026-07-06,15,25000
ADD,P0005,Rice,B100599,2026-08-13,46,100000
ADD,P0004,Tea,B100600,2026-11-11,31,15000
ADD,P0010,Candy,B100601,2026-07-13,34,95000
ADD,P0005,Rice,B100602,2027-09-20,50,45000
ADD,P0013,Noodles,B100603,2026-07-04,98,60000
ADD,P0015,Shampoo,B100604,2027-04-02,39,70000
ADD,P0001,Milk,B100605,2027-12-27,8,55000
ADD,P0013,Noodles,B100606,2026-07-06,26,95000
ADD,P0012,Chocolate,B100607,2027-05-10,53,90000
ADD,P0019,Butter,B100608,2026-07-04,38,30000
ADD,P0002,Bread,B100609,2027-06-28,71,60000
ADD,P0005,Rice,B100610,2027-02-14,61,25000
ADD,P0017,Egg,B100611,2026-08-02,52,55000
ADD,P0013,Noodles,B100612,2027-01-09,83,80000
ADD,P0007,Book,B100613,2026-09-19,85,25000
ADD,P0001,Milk,B100614,2026-07-02,18,100000
ADD,P0009,Cake,B100615,2026-12-03,97,40000
ADD,P0003,Coffee,B100616,2027-07-13,10,75000
ADD,P0002,Bread,B100617,2027-10-31,34,15000
ADD,P0010,Candy,B100618,2026-07-06,87,60000
ADD,P0004,Tea,B100619,2027-02-16,4,75000
ADD,P0015,Shampoo,B100620,2026-07-08,65,90000
ADD,P0003,Coffee,B100621,2026-08-28,100,50000
ADD,P0003,Coffee,B100622,2027-10-22,37,15000
ADD,P0018,Cheese,B100623,2027-02-13,61,75000
ADD,P0008,Juice,B100624,2026-07-05,46,65000
ADD,P0001,Milk,B100625,2027-08-29,31,85000
ADD,P0005,Rice,B100626,2026-12-17,57,20000
ADD,P0007,Book,B100627,2027-12-12,72,70000
ADD,P0007,Book,B100628,2027-11-19,14,50000
ADD,P0004,Tea,B100629,2027-05-15,94,50000
ADD,P0018,Cheese,B100630,2027-04-27,77,65000
ADD,P0002,Bread,B100631,2027-06-18,62,85000
ADD,P0017,Egg,B100632,2026-08-08,85,45000
ADD,P0005,Rice,B100633,2027-03-19,31,45000
ADD,P0005,Rice,B100634,2026-07-06,85,50000
ADD,P0001,Milk,B100635,2027-11-18,94,75000
ADD,P0007,Book,B100636,2027-06-03,58,35000
ADD,P0019,Butter,B100637,2027-11-01,33,90000
ADD,P0005,Rice,B100638,2027-12-20,64,40000
ADD,P0001,Milk,B100639,2026-07-02,54,20000
ADD,P0009,Cake,B100640,2026-10-21,74,20000
ADD,P0013,Noodles,B100641,2027-10-03,46,20000
ADD,P0018,Cheese,B100642,2027-11-18,1,100000
ADD,P0009,Cake,B100643,2027-05-24,1,75000
ADD,P0016,Snack,B100644,2026-08-17,28,20000
ADD,P0016,Snack,B100645,2027-12-11,10,90000
ADD,P0007,Book,B100646,2027-06-02,99,70000
ADD,P0017,Egg,B100647,2026-08-22,96,30000
ADD,P0020,Sugar,B100648,2027-07-27,75,100000
ADD,P0014,Soap,B100649,2026-07-05,42,95000
ADD,P0007,Book,B100650,2026-08-16,20,90000
ADD,P0014,Soap,B100651,2027-08-18,83,15000
ADD,P0013,Noodles,B100652,2026-09-14,48,90000
ADD,P0002,Bread,B100653,2026-07-02,33,75000
ADD,P0016,Snack,B100654,2027-12-17,72,45000
ADD,P0017,Egg,B100655,2027-06-15,43,10000
ADD,P0018,Cheese,B100656,2026-08-14,91,35000
ADD,P0017,Egg,B100657,2027-01-16,86,25000
ADD,P0013,Noodles,B100658,2027-12-07,83,45000
ADD,P0001,Milk,B100659,2027-05-19,52,100000
ADD,P0002,Bread,B100660,2027-04-29,25,15000
ADD,P0013,Noodles,B100661,2027-02-02,99,50000
ADD,P0020,Sugar,B100662,2027-08-16,20,60000
ADD,P0010,Candy,B100663,2027-11-06,85,100000
ADD,P0011,Water,B100664,2027-11-01,38,25000
ADD,P0011,Water,B100665,2027-08-08,39,75000
ADD,P0004,Tea,B100666,2027-02-15,55,15000
ADD,P0015,Shampoo,B100667,2027-03-05,59,20000
ADD,P0003,Coffee,B100668,2026-11-19,95,50000
ADD,P0010,Candy,B100669,2026-11-26,19,15000
ADD,P0019,Butter,B100670,2027-10-31,81,20000
ADD,P0019,Butter,B100671,2027-04-21,78,85000
ADD,P0005,Rice,B100672,2027-01-07,48,80000
ADD,P0020,Sugar,B100673,2026-07-05,70,80000
ADD,P0013,Noodles,B100674,2026-10-15,45,100000
ADD,P0011,Water,B100675,2027-07-24,79,55000
ADD,P0008,Juice,B100676,2026-10-29,35,85000
ADD,P0005,Rice,B100677,2027-06-07,30,100000
ADD,P0018,Cheese,B100678,2027-10-04,33,70000
ADD,P0002,Bread,B100679,2027-06-12,24,75000
ADD,P0011,Water,B100680,2026-07-28,88,15000
ADD,P0018,Cheese,B100681,2026-12-10,31,60000
ADD,P0008,Juice,B100682,2027-05-18,55,60000
ADD,P0005,Rice,B100683,2027-04-25,24,60000
ADD,P0007,Book,B100684,2026-10-02,10,95000
ADD,P0011,Water,B100685,2027-08-11,34,15000
ADD,P0014,Soap,B100686,2027-02-10,70,45000
ADD,P0008,Juice,B100687,2027-12-15,61,20000
ADD,P0017,Egg,B100688,2027-10-20,94,80000
ADD,P0013,Noodles,B100689,2026-07-03,47,45000
ADD,P0008,Juice,B100690,2026-11-08,30,15000
ADD,P0020,Sugar,B100691,2026-07-02,85,80000
ADD,P0016,Snack,B100692,2027-08-09,1,90000
ADD,P0013,Noodles,B100693,2027-06-15,65,80000
ADD,P0007,Book,B100694,2026-11-06,68,35000
ADD,P0007,Book,B100695,2026-07-03,87,100000
ADD,P0009,Cake,B100696,2027-07-01,20,20000
ADD,P0001,Milk,B100697,2027-06-13,17,95000
ADD,P0018,Cheese,B100698,2026-10-05,41,85000
ADD,P0010,Candy,B100699,2026-11-13,87,30000
ADD,P0012,Chocolate,B100700,2026-12-12,72,55000
ADD,P0016,Snack,B100701,2027-04-19,87,80000
ADD,P0015,Shampoo,B100702,2027-04-19,95,45000
ADD,P0008,Juice,B100703,2026-11-25,20,95000
ADD,P0019,Butter,B100704,2027-08-27,45,35000
ADD,P0011,Water,B100705,2026-07-02,67,10000
ADD,P0003,Coffee,B100706,2027-04-10,23,100000
ADD,P0005,Rice,B100707,2027-06-27,83,95000
ADD,P0006,Medicine,B100708,2026-11-14,96,40000
ADD,P0015,Shampoo,B100709,2026-07-03,31,25000
ADD,P0010,Candy,B100710,2026-07-27,5,45000
ADD,P0014,Soap,B100711,2026-10-15,34,50000
ADD,P0012,Chocolate,B100712,2026-10-03,99,50000
ADD,P0001,Milk,B100713,2027-01-09,53,20000
ADD,P0008,Juice,B100714,2027-10-06,34,25000
ADD,P0012,Chocolate,B100715,2027-05-15,50,10000
ADD,P0012,Chocolate,B100716,2026-10-02,100,100000
ADD,P0017,Egg,B100717,2027-09-19,42,50000
ADD,P0007,Book,B100718,2027-06-13,63,35000
ADD,P0012,Chocolate,B100719,2026-08-09,85,60000
ADD,P0006,Medicine,B100720,2027-05-06,75,100000
ADD,P0008,Juice,B100721,2027-02-06,12,20000
ADD,P0008,Juice,B100722,2026-07-04,21,70000
ADD,P0013,Noodles,B100723,2027-02-22,20,100000
ADD,P0009,Cake,B100724,2027-06-05,21,70000
ADD,P0006,Medicine,B100725,2026-08-20,41,55000
ADD,P0007,Book,B100726,2026-07-25,100,15000
ADD,P0017,Egg,B100727,2027-08-13,63,40000
ADD,P0007,Book,B100728,2026-10-08,49,25000
ADD,P0020,Sugar,B100729,2026-08-19,65,70000
ADD,P0017,Egg,B100730,2027-06-24,85,25000
ADD,P0014,Soap,B100731,2026-07-04,83,30000
ADD,P0018,Cheese,B100732,2027-12-08,54,80000
ADD,P0014,Soap,B100733,2027-12-28,71,85000
ADD,P0018,Cheese,B100734,2027-01-23,76,30000
ADD,P0009,Cake,B100735,2027-02-16,88,80000
ADD,P0013,Noodles,B100736,2026-07-08,96,85000
ADD,P0002,Bread,B100737,2027-12-01,24,95000
ADD,P0019,Butter,B100738,2027-06-17,49,75000
ADD,P0006,Medicine,B100739,2026-07-15,60,95000
ADD,P0016,Snack,B100740,2027-03-16,14,30000
ADD,P0007,Book,B100741,2026-12-25,57,80000
ADD,P0019,Butter,B100742,2027-05-27,81,75000
ADD,P0005,Rice,B100743,2026-07-07,26,20000
ADD,P0011,Water,B100744,2027-05-21,35,90000
ADD,P0003,Coffee,B100745,2026-09-02,14,70000
ADD,P0016,Snack,B100746,2026-08-09,5,35000
ADD,P0007,Book,B100747,2027-04-27,91,55000
ADD,P0018,Cheese,B100748,2026-07-02,58,40000
ADD,P0013,Noodles,B100749,2026-07-03,31,100000
ADD,P0020,Sugar,B100750,2026-10-19,43,35000
ADD,P0013,Noodles,B100751,2027-03-23,18,80000
ADD,P0007,Book,B100752,2027-08-18,48,70000
ADD,P0008,Juice,B100753,2026-10-07,84,90000
ADD,P0020,Sugar,B100754,2027-04-24,87,30000
ADD,P0003,Coffee,B100755,2026-09-19,36,90000
ADD,P0019,Butter,B100756,2027-04-08,56,100000
ADD,P0016,Snack,B100757,2026-09-26,75,55000
ADD,P0002,Bread,B100758,2027-05-24,30,55000
ADD,P0002,Bread,B100759,2026-07-04,40,80000
ADD,P0012,Chocolate,B100760,2027-03-30,33,10000
ADD,P0014,Soap,B100761,2027-02-01,76,55000
ADD,P0020,Sugar,B100762,2026-11-08,28,100000
ADD,P0015,Shampoo,B100763,2026-07-08,55,100000
ADD,P0006,Medicine,B100764,2027-05-07,31,50000
ADD,P0007,Book,B100765,2027-02-17,71,30000
ADD,P0020,Sugar,B100766,2027-07-10,50,25000
ADD,P0020,Sugar,B100767,2026-07-03,92,80000
ADD,P0020,Sugar,B100768,2026-11-13,6,90000
ADD,P0001,Milk,B100769,2026-09-22,76,65000
ADD,P0003,Coffee,B100770,2027-01-27,70,60000
ADD,P0017,Egg,B100771,2027-05-20,90,10000
ADD,P0010,Candy,B100772,2026-11-08,48,10000
ADD,P0007,Book,B100773,2026-08-14,95,75000
ADD,P0009,Cake,B100774,2026-09-28,61,30000
ADD,P0018,Cheese,B100775,2027-11-09,40,80000
ADD,P0010,Candy,B100776,2026-11-07,1,45000
ADD,P0003,Coffee,B100777,2027-08-01,12,45000
ADD,P0005,Rice,B100778,2027-05-06,17,45000
ADD,P0007,Book,B100779,2026-12-20,48,95000
ADD,P0009,Cake,B100780,2027-03-16,94,60000
ADD,P0014,Soap,B100781,2026-12-30,48,70000
ADD,P0019,Butter,B100782,2026-09-17,90,60000
ADD,P0002,Bread,B100783,2027-05-02,10,75000
ADD,P0020,Sugar,B100784,2026-07-06,17,25000
ADD,P0009,Cake,B100785,2026-07-03,53,100000
ADD,P0005,Rice,B100786,2026-07-03,74,60000
ADD,P0006,Medicine,B100787,2027-04-17,31,25000
ADD,P0011,Water,B100788,2026-07-04,72,25000
ADD,P0014,Soap,B100789,2026-11-24,46,15000
ADD,P0003,Coffee,B100790,2026-08-17,46,100000
ADD,P0014,Soap,B100791,2026-11-22,74,15000
ADD,P0005,Rice,B100792,2026-11-05,26,95000
ADD,P0014,Soap,B100793,2026-12-15,52,100000
ADD,P0006,Medicine,B100794,2026-10-04,70,90000
ADD,P0011,Water,B100795,2027-02-10,38,25000
ADD,P0007,Book,B100796,2027-05-05,14,85000
ADD,P0013,Noodles,B100797,2026-07-05,38,65000
ADD,P0015,Shampoo,B100798,2027-11-29,81,85000
ADD,P0002,Bread,B100799,2027-07-07,52,25000
ADD,P0015,Shampoo,B100800,2027-12-06,29,75000
ADD,P0018,Cheese,B100801,2026-12-21,63,30000
ADD,P0013,Noodles,B100802,2027-04-12,32,100000
ADD,P0016,Snack,B100803,2027-04-30,12,70000
ADD,P0005,Rice,B100804,2026-12-10,92,85000
ADD,P0016,Snack,B100805,2026-07-08,76,75000
ADD,P0005,Rice,B100806,2026-12-27,74,65000
ADD,P0004,Tea,B100807,2027-03-31,20,65000
ADD,P0002,Bread,B100808,2027-07-05,81,25000
ADD,P0010,Candy,B100809,2026-08-21,19,95000
ADD,P0017,Egg,B100810,2027-12-11,80,55000
ADD,P0002,Bread,B100811,2027-12-30,58,80000
ADD,P0015,Shampoo,B100812,2027-09-30,49,90000
ADD,P0014,Soap,B100813,2027-11-07,77,25000
ADD,P0005,Rice,B100814,2027-07-16,29,50000
ADD,P0001,Milk,B100815,2027-05-09,77,55000
ADD,P0020,Sugar,B100816,2026-07-07,91,35000
ADD,P0020,Sugar,B100817,2027-09-10,65,80000
ADD,P0002,Bread,B100818,2027-01-31,15,30000
ADD,P0012,Chocolate,B100819,2027-09-28,99,35000
ADD,P0020,Sugar,B100820,2027-05-05,46,95000
ADD,P0013,Noodles,B100821,2026-09-06,87,75000
ADD,P0012,Chocolate,B100822,2027-11-06,91,50000
ADD,P0005,Rice,B100823,2027-06-20,20,10000
ADD,P0005,Rice,B100824,2027-03-10,2,35000
ADD,P0004,Tea,B100825,2026-09-02,81,10000
ADD,P0007,Book,B100826,2027-06-05,73,85000
ADD,P0019,Butter,B100827,2026-07-07,74,80000
ADD,P0017,Egg,B100828,2026-07-20,52,95000
ADD,P0009,Cake,B100829,2027-06-25,14,80000
ADD,P0004,Tea,B100830,2027-02-04,4,40000
ADD,P0009,Cake,B100831,2027-01-08,81,75000
ADD,P0005,Rice,B100832,2027-03-21,96,35000
ADD,P0005,Rice,B100833,2027-12-06,32,100000
ADD,P0014,Soap,B100834,2026-07-08,5,60000
ADD,P0001,Milk,B100835,2027-08-09,1,35000
ADD,P0009,Cake,B100836,2026-07-03,43,35000
ADD,P0006,Medicine,B100837,2027-08-31,45,45000
ADD,P0016,Snack,B100838,2027-07-03,51,25000
ADD,P0008,Juice,B100839,2026-07-03,67,55000
ADD,P0003,Coffee,B100840,2026-09-25,11,80000
ADD,P0005,Rice,B100841,2026-07-05,60,100000
ADD,P0002,Bread,B100842,2026-10-06,23,35000
ADD,P0018,Cheese,B100843,2026-07-16,64,95000
ADD,P0004,Tea,B100844,2026-07-07,33,75000
ADD,P0011,Water,B100845,2027-04-19,69,100000
ADD,P0001,Milk,B100846,2027-07-20,90,10000
ADD,P0017,Egg,B100847,2026-07-04,45,80000
ADD,P0020,Sugar,B100848,2027-03-25,1,35000
ADD,P0014,Soap,B100849,2027-12-23,50,95000
ADD,P0015,Shampoo,B100850,2026-12-07,74,40000
ADD,P0007,Book,B100851,2027-02-21,88,40000
ADD,P0005,Rice,B100852,2026-08-01,4,20000
ADD,P0010,Candy,B100853,2026-10-18,86,70000
ADD,P0017,Egg,B100854,2027-08-20,23,55000
ADD,P0018,Cheese,B100855,2026-11-16,62,35000
ADD,P0005,Rice,B100856,2027-11-26,57,85000
ADD,P0015,Shampoo,B100857,2026-09-29,80,60000
ADD,P0010,Candy,B100858,2026-07-07,80,10000
ADD,P0002,Bread,B100859,2027-09-23,76,80000
ADD,P0010,Candy,B100860,2027-06-18,92,75000
ADD,P0001,Milk,B100861,2026-09-18,82,75000
ADD,P0001,Milk,B100862,2027-04-25,32,90000
ADD,P0011,Water,B100863,2026-12-10,3,85000
ADD,P0013,Noodles,B100864,2027-04-20,35,85000
ADD,P0016,Snack,B100865,2026-12-12,92,95000
ADD,P0009,Cake,B100866,2027-06-25,26,50000
ADD,P0010,Candy,B100867,2026-07-06,49,70000
ADD,P0019,Butter,B100868,2027-05-10,24,90000
ADD,P0013,Noodles,B100869,2026-07-06,34,10000
ADD,P0003,Coffee,B100870,2027-03-16,42,65000
ADD,P0015,Shampoo,B100871,2026-12-12,96,50000
ADD,P0007,Book,B100872,2026-07-05,71,95000
ADD,P0015,Shampoo,B100873,2027-10-24,1,75000
ADD,P0005,Rice,B100874,2027-04-09,74,100000
ADD,P0020,Sugar,B100875,2026-11-21,73,15000
ADD,P0005,Rice,B100876,2027-01-19,33,40000
ADD,P0010,Candy,B100877,2027-11-15,12,80000
ADD,P0004,Tea,B100878,2027-03-02,94,100000
ADD,P0017,Egg,B100879,2027-08-09,47,100000
ADD,P0019,Butter,B100880,2027-10-01,13,70000
ADD,P0003,Coffee,B100881,2027-12-26,70,15000
ADD,P0005,Rice,B100882,2027-11-17,100,40000
ADD,P0016,Snack,B100883,2026-09-04,80,20000
ADD,P0016,Snack,B100884,2027-12-22,92,95000
ADD,P0016,Snack,B100885,2027-07-30,7,70000
ADD,P0013,Noodles,B100886,2027-03-14,37,55000
ADD,P0020,Sugar,B100887,2027-11-11,63,95000
ADD,P0008,Juice,B100888,2027-07-13,27,100000
ADD,P0014,Soap,B100889,2027-07-13,56,20000
ADD,P0001,Milk,B100890,2026-07-06,34,75000
ADD,P0014,Soap,B100891,2026-10-09,10,55000
ADD,P0003,Coffee,B100892,2026-07-05,97,40000
ADD,P0015,Shampoo,B100893,2027-02-15,15,25000
ADD,P0017,Egg,B100894,2027-02-23,76,75000
ADD,P0008,Juice,B100895,2026-08-17,28,20000
ADD,P0003,Coffee,B100896,2027-03-19,21,85000
ADD,P0016,Snack,B100897,2027-02-23,29,90000
ADD,P0001,Milk,B100898,2026-11-09,33,55000
ADD,P0012,Chocolate,B100899,2027-02-23,27,95000
ADD,P0017,Egg,B100900,2026-11-29,23,30000
ADD,P0005,Rice,B100901,2026-11-23,69,60000
ADD,P0002,Bread,B100902,2026-12-22,10,75000
ADD,P0003,Coffee,B100903,2027-09-24,12,100000
ADD,P0018,Cheese,B100904,2026-07-17,40,15000
ADD,P0010,Candy,B100905,2027-02-19,68,55000
ADD,P0003,Coffee,B100906,2026-07-06,97,80000
ADD,P0008,Juice,B100907,2027-04-24,23,70000
ADD,P0008,Juice,B100908,2027-06-23,65,55000
ADD,P0018,Cheese,B100909,2027-05-13,8,45000
ADD,P0017,Egg,B100910,2027-04-14,14,85000
ADD,P0013,Noodles,B100911,2027-12-03,17,100000
ADD,P0004,Tea,B100912,2026-08-05,64,30000
ADD,P0007,Book,B100913,2027-11-30,4,45000
ADD,P0013,Noodles,B100914,2026-10-12,7,75000
ADD,P0004,Tea,B100915,2026-11-04,49,45000
ADD,P0019,Butter,B100916,2026-09-30,78,55000
ADD,P0012,Chocolate,B100917,2026-07-04,11,85000
ADD,P0017,Egg,B100918,2027-05-02,28,90000
ADD,P0010,Candy,B100919,2027-12-15,20,80000
ADD,P0007,Book,B100920,2027-03-26,61,45000
ADD,P0020,Sugar,B100921,2027-01-04,17,40000
ADD,P0008,Juice,B100922,2026-11-10,62,70000
ADD,P0004,Tea,B100923,2026-07-03,13,75000
ADD,P0016,Snack,B100924,2027-01-25,54,50000
ADD,P0014,Soap,B100925,2026-07-03,91,75000
ADD,P0003,Coffee,B100926,2027-04-13,76,15000
ADD,P0002,Bread,B100927,2026-07-27,1,45000
ADD,P0013,Noodles,B100928,2026-09-20,81,65000
ADD,P0003,Coffee,B100929,2027-11-06,89,50000
ADD,P0008,Juice,B100930,2027-03-20,92,45000
ADD,P0007,Book,B100931,2027-09-01,77,100000
ADD,P0019,Butter,B100932,2027-10-30,69,60000
ADD,P0017,Egg,B100933,2026-07-08,31,30000
ADD,P0015,Shampoo,B100934,2026-10-01,99,10000
ADD,P0005,Rice,B100935,2027-12-28,22,90000
ADD,P0013,Noodles,B100936,2027-03-23,4,55000
ADD,P0008,Juice,B100937,2027-04-01,64,70000
ADD,P0011,Water,B100938,2027-10-01,65,75000
ADD,P0013,Noodles,B100939,2027-02-22,31,70000
ADD,P0012,Chocolate,B100940,2027-05-07,24,15000
ADD,P0009,Cake,B100941,2026-09-17,93,60000
ADD,P0012,Chocolate,B100942,2026-07-07,9,90000
ADD,P0014,Soap,B100943,2027-07-21,40,75000
ADD,P0007,Book,B100944,2026-10-30,34,40000
ADD,P0010,Candy,B100945,2026-07-06,71,100000
ADD,P0016,Snack,B100946,2027-06-03,20,90000
ADD,P0007,Book,B100947,2027-06-03,6,55000
ADD,P0016,Snack,B100948,2026-07-24,93,35000
ADD,P0020,Sugar,B100949,2027-06-27,68,75000
ADD,P0005,Rice,B100950,2027-12-04,19,20000
ADD,P0005,Rice,B100951,2026-07-04,60,70000
ADD,P0020,Sugar,B100952,2027-11-24,51,35000
ADD,P0010,Candy,B100953,2027-07-30,42,85000
ADD,P0006,Medicine,B100954,2027-11-22,87,95000
ADD,P0014,Soap,B100955,2027-05-18,51,15000
ADD,P0008,Juice,B100956,2027-12-14,88,85000
ADD,P0010,Candy,B100957,2027-09-09,17,70000
ADD,P0005,Rice,B100958,2027-04-24,77,95000
ADD,P0015,Shampoo,B100959,2027-03-08,12,75000
ADD,P0002,Bread,B100960,2026-08-30,87,35000
ADD,P0010,Candy,B100961,2027-02-25,81,30000
ADD,P0001,Milk,B100962,2026-10-12,36,75000
ADD,P0006,Medicine,B100963,2027-01-29,35,25000
ADD,P0019,Butter,B100964,2026-11-13,81,80000
ADD,P0015,Shampoo,B100965,2027-11-14,32,85000
ADD,P0016,Snack,B100966,2026-09-11,65,45000
ADD,P0005,Rice,B100967,2027-05-21,51,10000
ADD,P0003,Coffee,B100968,2027-09-23,64,80000
ADD,P0013,Noodles,B100969,2026-11-02,98,90000
ADD,P0016,Snack,B100970,2026-08-27,79,70000
ADD,P0003,Coffee,B100971,2027-06-27,92,70000
ADD,P0003,Coffee,B100972,2027-11-02,6,65000
ADD,P0009,Cake,B100973,2026-07-04,21,15000
ADD,P0013,Noodles,B100974,2027-02-24,83,30000
ADD,P0011,Water,B100975,2026-07-03,6,95000
ADD,P0018,Cheese,B100976,2027-05-06,55,80000
ADD,P0011,Water,B100977,2027-09-24,51,60000
ADD,P0019,Butter,B100978,2026-07-04,95,95000
ADD,P0006,Medicine,B100979,2026-07-08,22,75000
ADD,P0020,Sugar,B100980,2026-08-21,65,25000
ADD,P0020,Sugar,B100981,2027-01-28,9,55000
ADD,P0014,Soap,B100982,2027-06-21,77,50000
ADD,P0006,Medicine,B100983,2027-08-29,22,60000
ADD,P0012,Chocolate,B100984,2027-09-30,1,100000
ADD,P0011,Water,B100985,2027-02-02,17,20000
ADD,P0015,Shampoo,B100986,2027-11-24,70,50000
ADD,P0010,Candy,B100987,2026-12-10,38,100000
ADD,P0018,Cheese,B100988,2027-08-02,32,25000
ADD,P0003,Coffee,B100989,2026-08-17,89,10000
ADD,P0018,Cheese,B100990,2026-11-24,86,30000
ADD,P0018,Cheese,B100991,2026-07-05,81,40000
ADD,P0020,Sugar,B100992,2027-05-19,57,30000
ADD,P0014,Soap,B100993,2026-07-08,70,100000
ADD,P0004,Tea,B100994,2027-03-01,35,35000
ADD,P0016,Snack,B100995,2026-07-05,31,65000
ADD,P0016,Snack,B100996,2026-10-29,99,85000
ADD,P0008,Juice,B100997,2027-07-17,50,90000
ADD,P0020,Sugar,B100998,2027-12-24,85,45000
ADD,P0005,Rice,B100999,2026-08-07,11,75000
ADD,P0010,Candy,B101000,2027-01-21,44,50000
